1,GE1807-01,World Wide English 1,Caitlyn Lee / John Williamson,월목25,,,2,공공인적
2,GE1807-02,World Wide English 1,Rachel Belton / Brendon Smith,월목25,,,2,공공/금융
3,GE1807-03,World Wide English 1,Dylan Pauley / Richard Shaw,월목25,,,2,금융정보
4,GE1807-04,World Wide English 1,Vinh Truong / Martin Craig,월목25,,,2,도시공학
5,GE1807-05,World Wide English 1,Chris Pugay / Shane Cranmer,월목25,,,2,도시/토목
6,GE1807-06,World Wide English 1,David Redman / Eisenhower Lee,월목25,,,2,토목건축
7,GE1807-07,World Wide English 1,Jeffrey Gibbons / John Williamson,월목26,,,2,아동
8,GE1807-08,World Wide English 1,James Tremblay / 우성희,월목26,,,2,아동
9,GE1807-09,World Wide English 1,Dylan Pauley / Richard Shaw,월목26,,,2,아동
10,GE1807-10,World Wide English 1,Vinh Truong / Martin Craig,월목26,,,2,경영
11,GE1807-11,World Wide English 1,Chris Pugay / Shane Cranmer,월목26,,,2,경영
12,GE1807-12,World Wide English 1,David Redman / Eisenhower Lee,월목26,,,2,경영
13,GE1807-13,World Wide English 1,Vinh Truong / John Williamson,화목21,,,2,전자공학
14,GE1807-14,World Wide English 1,Kaen Oyler,화목21,,,2,전자공학
15,GE1807-15,World Wide English 1,James Tremblay / Richard Shaw,화목21,,,2,전자공학
16,GE1807-16,World Wide English 1,Dion Tyree / Shane Cranmer,화목21,,,2,음악
17,GE1807-17,World Wide English 1,Martin Craig / Aaron Allinson,화목21,,,2,음악
18,GE1807-18,World Wide English 1,Stefan Thomson / Eisenhower Lee,화목21,,,2,무용예술
19,GE1807-19,World Wide English 1,Vinh Truong / John Williamson,화목22,,,2,화학생명
20,GE1807-20,World Wide English 1,Kaen Oyler,화목22,,,2,화학생명
21,GE1807-21,World Wide English 1,James Tremblay / Richard Shaw,화목22,,,2,공연예술
22,GE1807-22,World Wide English 1,Dion Tyree / Shane Cranmer,화목22,,,2,공연예술
23,GE1807-23,World Wide English 1,Stefan Thomson / Aaron Allinson,화목22,,,2,공연예술
24,GE1807-24,World Wide English 1,Brendon Smith / 박부남,화목22,,,2,공연예술
25,GE1807-25,World Wide English 1,박부남 / Martin Craig,화목22,,,2,공연예술
26,GE1807-26,World Wide English 1,Tim Wright,화목22,,,2,뮤 지 컬
27,GE1807-27,World Wide English 1,John Williamson / Eisenhower Lee,화목23,,,2,군사
28,GE1807-28,World Wide English 1,James Tremblay/ Kaen Oyler,화목23,,,2,군사
29,GE1807-29,World Wide English 1,Brendon Smith / 박부남,화목23,,,2,산업경영시스템
30,GE1807-30,World Wide English 1,박부남 / Martin Craig,화목23,,,2,산업경영시스템
31,GE1807-31,World Wide English 1,Stefan Thomson / Aaron Allinson,화목23,,,2,실용음악
32,GE1807-32,World Wide English 1,Tim Wright,화목23,,,2,실용음악
33,GE1807-33,World Wide English 1,John Williamson / Eisenhower Lee,화목24,,,2,문화콘텐츠
34,GE1807-34,World Wide English 1,James Tremblay / Brendon Smith,화목24,,,2,문화콘텐츠
35,GE1807-35,World Wide English 1,Helen Chun / Shane Cranmer,화목24,,,2,디자인
36,GE1807-36,World Wide English 1,Dion Tyree / Aaron Allinson,화목24,,,2,디자인
37,GE1807-37,World Wide English 1,Tim Wright,화목24,,,2,영화영상
38,GE1807-38,World Wide English 1,Chris Pugay,수금25,,,2,나노융합공학
39,GE1807-39,World Wide English 1,John Williamson / Caitlyn Lee,수금25,,,2,나노융합공학
40,GE1807-40,World Wide English 1,Josephine Bejer/ Julie Tillotson,수금25,,,2,국제비지니스
41,GE1807-41,World Wide English 1,Dion Tyree / Rachel Belton,수금25,,,2,국제비지니스
42,GE1807-42,World Wide English 1,kenneth Drenen,수금25,,,2,국제비지니스
43,GE1807-43,World Wide English 1,kenneth Drenen / Dylan Pauley,수금26,,,2,컴퓨터과학
44,GE1807-44,World Wide English 1,John Williamson / Caitlyn Lee,수금26,,,2,컴퓨터과학
45,GE1807-45,World Wide English 1,Josephine Bejer,수금26,,,2,컴퓨터과학
46,GE1807-46,World Wide English 1,Dion Tyree / Julie Tillotson,수금26,,,2,컴퓨터공학
47,GE1807-47,World Wide English 1,Chris Pugay / Aaron Allinson,수금26,,,2,컴퓨터공학
48,GE1807-48,World Wide English 1,Jeffrey Gibbons / Vinh Truong,수금26,,,2,컴퓨터공학
49,GE1805-01,커뮤니케이션영어1,Julie Tillotson,월금6,,,1,인문ㆍ 사회
50,GE1805-02,커뮤니케이션영어1,Richard Shaw,월금6,,,1,인문ㆍ 사회
51,GE1805-03,커뮤니케이션영어1,Shane Cranmer,월금6,,,1,인문ㆍ 사회
52,GE1805-04,커뮤니케이션영어1,Aaron Allinson,월금6,,,1,인문ㆍ 사회
53,GE1805-05,커뮤니케이션영어1,Rachel Belton,월금6,,,1,인문ㆍ 사회
54,GE1805-06,커뮤니케이션영어1,Josephine Bejer,월금6,,,1,인문ㆍ 사회
55,GE1805-07,커뮤니케이션영어1,Chris Pugay,월금6,,,1,인문ㆍ 사회
56,GE1805-08,커뮤니케이션영어1,kenneth Drenen,월금6,,,1,인문ㆍ 사회
57,GE1805-09,커뮤니케이션영어1,Eisenhower Lee,월금6,,,1,인문ㆍ 사회
58,GE1805-10,커뮤니케이션영어1,Vinh Truong,월금6,,,1,인문ㆍ 사회
59,GE1805-11,커뮤니케이션영어1,Dylan Pauley,월금6,,,1,인문ㆍ 사회
60,GE1805-12,커뮤니케이션영어1,Kaden Bale,월금6,,,1,인문ㆍ 사회
61,GE1805-13,커뮤니케이션영어1,Brendon Smith,"수1,2",,,1,음 악
62,GE1805-14,커뮤니케이션영어1,Rachel Belton,"수1,2",,,1,음 악
63,GE1805-15,커뮤니케이션영어1,David Redman,"수1,2",,,1,음 악
64,GE1805-16,커뮤니케이션영어1,Julie Tillotson,"수4,5",,,1,예술대(실용음악/뮤지컬포함)
65,GE1805-17,커뮤니케이션영어1,Brendon Smith,"수4,5",,,1,예술대(실용음악/뮤지컬포함)
66,GE1805-18,커뮤니케이션영어1,Jeffrey Gibbons,"수4,5",,,1,예술대(실용음악/뮤지컬포함)
67,GE1805-19,커뮤니케이션영어1,David Redman,"수4,5",,,1,예술대(실용음악/뮤지컬포함)
68,GE1805-20,커뮤니케이션영어1,Rachel Belton,"수4,5",,,1,예술대(실용음악/뮤지컬포함)
69,GE1805-21,커뮤니케이션영어1,Josephine Bejer,"수4,5",,,1,예술대(실용음악/뮤지컬포함)
70,GE1805-22,커뮤니케이션영어1,Chris Pugay,"수4,5",,,1,예술대(실용음악/뮤지컬포함)
71,GE1805-23,커뮤니케이션영어1,kenneth Drenen,"수4,5",,,1,예술대(실용음악/뮤지컬포함)
72,GE1805-24,커뮤니케이션영어1,Caitlyn Lee,"수4,5",,,1,예술대(실용음악/뮤지컬포함)
73,GE1805-25,커뮤니케이션영어1,박부남,"수4,5",,,1,예술대(실용음악/뮤지컬포함)
74,GE1805-26,커뮤니케이션영어1,Dylan Pauley,"수4,5",,,1,예술대(실용음악/뮤지컬포함)
75,GE1805-27,커뮤니케이션영어1,Dion Tyree,"수4,5",,,1,예술대(실용음악/뮤지컬포함)
76,GE1805-28,커뮤니케이션영어1,Julie Tillotson,월금4,,,1,이공대
77,GE1805-29,커뮤니케이션영어1,Richard Shaw,월금4,,,1,이공대
78,GE1805-30,커뮤니케이션영어1,Stefan Thomson,월금4,,,1,이공대
79,GE1805-31,커뮤니케이션영어1,Tim Wright,월금4,,,1,이공대
80,GE1805-32,커뮤니케이션영어1,Aaron Allinson,월금4,,,1,이공대
81,GE1805-33,커뮤니케이션영어1,James Tremblay,월금4,,,1,이공대
82,GE1805-34,커뮤니케이션영어1,Josephine Bejer,월금4,,,1,이공대
83,GE1805-35,커뮤니케이션영어1,Eisenhower Lee,월금4,,,1,이공대
84,GE1805-36,커뮤니케이션영어1,kenneth Drenen,월금4,,,1,이공대
85,GE1805-37,커뮤니케이션영어1,Jeffrey Gibbons,월금4,,,1,이공대
86,GE1805-38,커뮤니케이션영어1,Dylan Pauley,월금4,,,1,이공대
87,GE1805-39,커뮤니케이션영어1,Kaden Bale,월금4,,,1,이공대
88,GE1805-40,커뮤니케이션영어1,Stefan Thomson,월금6,,,1,국제비즈니스
89,GE1805-41,커뮤니케이션영어1,James Tremblay,월금6,,,1,국제비즈니스
90,GE1805-42,커뮤니케이션영어1,Jeffrey Gibbons,월금6,,,1,국제비즈니스
91,GE1805-43,커뮤니케이션영어1,David Redman,월금6,,,1,국제비즈니스
92,GE6101-01,대학수학1,김치용,화목23,,,3,컴퓨터과학
93,GE6101-02,대학수학1,김치용,화목24,,,3,컴퓨터과학
94,GE6101-03,대학수학1,안가경,월목26,,,3,금융정보
95,GE6101-04,대학수학1,안가경,월목25,,,3,전자공학
96,GE6101-05,대학수학1,한찬욱,월목25,,,3,전자공학
97,GE6101-06,대학수학1,박태룡,화목22,,,3,컴퓨터공학
98,GE6101-07,대학수학1,박태룡,화목23,,,3,컴퓨터공학
99,GE6101-08,대학수학1,임성식,화목21,,,3,화학생명
100,GE6101-09,대학수학1,임성식,화목22,,,3,나노융합공학
101,GE6101-10,대학수학1,임성식,화목24,,,3,산업경영시스템
102,GE6101-11,대학수학1,강부현,월목26,,,3,도시공학
103,GE6101-12,대학수학1,한찬욱,월목26,,,3,토목건축
104,GE6101-13,대학수학1,강부현,화목24,,,3,수리 가형
105,GE6101-14,대학수학1,안가경,화목24,,,3,수리 가형
106,GE6101-15,대학수학1,한찬욱,화목24,,,3,수리 가형
107,GE6101-16,대학수학1,강부현,월목25,,,3,일반/재수강반
108,GE6101-17,대학수학1,정형기,"화25,26",,,3,일반/재수강반
109,GE1837-01,TOEIC1,Stefan Thomson / 이승연,월목22,,,2,
110,GE1837-02,TOEIC1,Shane Cranmer / Helen Chun,월목23,,,2,
111,GE1837-03,TOEIC1,Kaen Oyler / Helen Chun,월목24,,,2,
112,GE1837-04,TOEIC1,Martin Craig / Richard Shaw,화목23,,,2,
113,GE1837-05,TOEIC1,Stefan Thomson / 이승연,화목24,,,2,
114,GE1838-01,TOEIC2,Kaden Bale,"수23,24",,,2,
115,GE3816-01,컴퓨터프로그래밍실무,이대원,"화23,24",,,3,
116,RT1005-01,안보학,,"수2,3/금5,6",,,2,
117,RT1007-01,조직리더십,,"수2,3/금5,6",,,2,
118,ED1001-01,교육학개론,윤영란,"수2,3",,교직,2,
119,ED1002-01,교육철학및교육사,윤영란,"목7,8",,교직,2,
120,ED1003-01,교육심리,윤영란,"목2,3",,교직,2,
121,ED1005-01,교육방법및교육공학,윤영란,"목5,6",,교직,2,
122,undefined-01,교과교육론,,,,교직,3,
123,ED1007-01,교육행정및교육경영,양애경,"금7,8",,교직,2,
124,ED1998-01,산업체현장실습(이공대),,,,교직,2,
125,ED1999-01,교육실습,,,,교직,2,
126,GE1003-01,실용한문,박이정,"수23,24",,,3,
127,GE1011-01,역사의이해,이희주,"화23,24",,,3,
128,GE1012-01,세계문화사,이복희,"월21,22",,,3,
129,GE1013-01,민족과통일,정수열,"수23,24",,,3,
130,GE1015-01,종교의이해,류희성,"수25,26",,,3,
131,GE1021-01,철학의이해,반성택,월목25,,,3,
132,GE1022-01,논리와사고,이기백,"화25,26",,,3,
133,GE1034-01,언어의이해,엄태수,"월25,26",,,3,
134,GE1115-01,직업윤리,이재상,월금24,,,3,
135,GE3131-01,인터넷윤리,금빛내렴,"수23,24",,,3,
136,GE1031-01,문학과사회,이자욱,"화21,22",,,3,
137,GE1032-01,동양고전의이해,정지욱,"월23,24",,,3,
138,GE1033-01,서양고전의이해,류희성,"화25,26",,,3,
139,GE1038-01,전통문화의이해,이복규,"월25,26",,,3,
140,GE1039-01,대중문화와매스미디어,김은정,"화21,22",,,3,
141,GE1041-01,현대사회와디자인,조안진,"월23,24",,,3,
142,GE4107-01,미술의이해,오현아,"수23,24",,,3,
143,GE4108-01,음악의이해,황태율,"월21,22",,,3,
144,GE4112-01,의생활과환경,정혜정,"월23,24",,,3,
145,GE4141-01,영화의이해,임경식,"수4,5,6",,,3,
146,GE2001-01,경제의이해,조정근,월금23,,,3,
147,GE2002-01,현대사회와경영,전정수,"화21,22",,,3,
148,GE2004-01,국제화와무역,이규창,월수21,,,3,
149,GE2005-01,법과사회,이준복,"수23,24",,,3,
150,GE2007-01,현대사회와교육,허수연,"화25,26",,,3,
151,GE2009-01,민주사회와시민의식,김정훈,"수23,24",,,3,
152,GE2010-01,사회복지개론,김정훈,"화25,26",,,3,
153,GE2013-01,국제관계론,곽재석,"화25,26",,,3,
154,GE2108-01,인간관계론,채성준,"수21,22",,,3,
155,GE2137-01,기술과벤처창업,노무종,"수23,24",,,3,3/4학년
156,GE1147-01,데이터로보는세상,이대원,"화25,26",,,3,
157,GE2104-01,도시와국토,김준영,"화25,26",,,3,
158,GE3001-01,수학과문화,한찬욱,"월21,22",,,3,
159,GE3002-01,환경과인간,김기은,"금23,24",,,3,
160,GE3003-01,생명의기원과본질,김신덕,"수6,7,8",,,3,
161,GE3005-01,생활과화학,홍성엽,"화21,22",,,3,
162,GE3009-01,나노과학의세계,이철호,"화25,26",,,3,
163,GE3806-01,정보통계의이해,임성식,"수23,24",,,3,
164,GE0015-01,현대사회와패션,정혜정,"월21,22",,,3,
165,GE0609-01,전통문양디자인,박미례,"화25,26",,,3,
166,GE0610-01,이미지자기표현,조안진,"목23,24",,,3,
167,GE1002-01,발표토론과글쓰기,엄태수,"금23,24",,,3,
168,GE1004-01,기업의이해,유승규,"목23,24",,,3,
169,GE1118-01,유럽의이해,박진석,"화25,26",,,3,
170,GE1121-01,한국의전통사상,장동우,"목5,6",,,2,
171,GE1124-01,문화재의이해,박미례,"화23,24",,,3,
172,GE1143-01,TOEIC Speaking,Kaden Bale,월수22,,,3,
173,GE1144-01,자기계발과인성함양,박일순,월7,,,1,
174,GE1145-01,스쿼시,신의균,"화5,6",,,2,
175,GE1145-02,스쿼시,신의균,"화7,8",,,2,
176,GE1146-01,피트니스,류일서,"수5,6",,,2,
177,GE1146-02,피트니스,류일서,"목5,6",,,2,
178,GE1154-01,지역문화개발실습,방미영.한정섭.김소연,"월7,8,9",,,3,
179,GE1206-01,예술과상상력,장지연,"수23,24",,,3,
180,GE1208-01,디지털스토리텔링,김명하,"월23,24",,,3,
181,GE1209-01,K-POP과상상력,박은지,"화25,26",,,3,
182,GE1213-01,인문학콘서트,조정래,"목21,22",,,3,
183,GE1214-01,미디어로세상보기,방미영,"수23,24",,,3,
184,GE1215-01,영상속정치읽기,송상엽,"수23,24",,,3,
185,GE1217-01,연극속인간심리,임경식,"화23,24",,,3,
186,GE1218-01,영화속의법과윤리,송상엽,"금25,26",,,3,
187,GE1219-01,SKU이노베이션리더십,안수진,"수23,24",,,3,
188,GE1220-01,연애그리고결혼,정향미,"금23,24",,,3,
189,GE1221-01,미래사회와젠더,유정,"목23,24",,,3,
190,GE1222-01,커뮤니케이션심리학,노진경,"금25,26",,,3,
191,GE1225-01,글로벌시사읽기,함형준,"화25,26",,,3,
192,GE1226-01,글로벌문화이해,방미영,"월23,24",,,3,
193,GE1227-01,나는누구인가,반성택,"수23,24",,,3,
194,GE1228-01,사회초년병되기,유연웅,"목23,24",,,3,
195,GE1231-01,스무살부자되기,함형준,"수23,24",,,3,
196,GE1233-01,이미지메이킹과자기표현,윤혜경,"목25,26",,,3,
197,GE1234-01,패션스타일링,조영아,"목23,24",,,3,
198,GE1235-01,창업입문,방미영,"화25,26",,,3,
199,GE1236-01,비즈니스커뮤니케이션실습,이승연,월수23,,,3,
200,GE1237-01,비즈니스혁신인물연구,이지나,"수25,26",,,3,
201,GE1238-01,기업가정신,박일순,"화25,26",,,3,
202,GE1243-01,사물인터넷소프트웨어프로그래밍,남기훈,"화23,24",,,3,
203,GE1244-01,일본스토리,한영균,"수23,24",,,3,
204,GE1245-01,미국스토리,케이틀린리,"월23,24",,,3,
205,GE1246-01,중국스토리,구자억,"수7,8",,,2,
206,GE1247-01,여론의함정,최인숙,"목23,24",,,3,
207,GE1248-01,4차산업혁명,노진경,"금23,24",,,3,
208,GE1250-01,다문화주의와이민,곽재석,"화23,24",,,3,
209,GE1251-01,성공의비밀,유승규,"화6,7,8",,,3,
210,GE1252-01,문제해결실천프로젝트,김경은,"월25,26",,,3,
211,GE1253-01,인간은무엇인가,박인종,"목25,26",,,3,
212,GE1254-01,미래사회와평생교육,김태종,"월25,26",,,3,
213,GE1255-01,독도이야기,이원택,"월21,22",,,3,
214,GE1256-01,인물로본한국사,최진홍,"수25,26",,,3,
215,GE1257-01,와인과의대화,김기은,"월23,24",,,3,
216,GE1258-01,Advanced English Reading and Writing,Helen Chun,"월5,6",,,2,
217,GE1258-02,Advanced English Reading and Writing,Helen Chun,"수5,6",,,2,
218,GE1259-01,Advanced English Listening and Speaking,Martin Craig,"수5,6",,,2,
219,GE1847-01,Business English 1,Vinh Truong,"화5,6",,,2,
220,GE1849-01,English Interview 1,Dion Tyree,"월5,6",,,2,
221,GE1853-01,영어 포트폴리오,케이틀린리,"수7,8",,,2,
222,GE1854-01,미국으로 떠나요,케이틀린리,"금5,6",,,2,
223,GE1855-01,Global Competence,Josephine Bejer,"월7,8",,,2,
224,GE1856-01,Global Linguistic Flows,Martin Craig,"수2,3",,,2,
225,GE1857-01,History/Culture of Skateboarding,Tim Wright,월금3,,,2,
226,GE1858-01,미국드라마영어연구,우성희,"월8,9",,,2,
227,GE1859-01,4차산업혁명시대 대학생 진로 개발,김창환,"화25,26",,,3,
228,GE1860-01,중국챌린지,이지나,"화25,26",,,3,
229,GE1861-01,프랑스스토리,최내경,월금24,,,3,
230,GE1862-01,창업마케팅,유승규,"화2,3,4",,,3,
231,GE1863-01,일본챌린지,한영균,"수25,26",,,3,
232,GE2101-01,북한학,정수열,"화25,26",,,3,
233,GE2109-01,한국정치의이해,윤대식,"수21,22",,,3,
234,GE2123-01,생활속의통계,임성식,"화25,26",,,3,
235,GE2136-01,현대인의교양과자기관리,류희성,"화23,24",,,3,
236,GE4111-01,사진학,박여옥,"화5,6",,,2,
237,GE4126-01,요가,엄계화 / 염계화,"금25,26",,,3,
238,GE4129-01,여성과직업개발,양지원,"화23,24",,,3,
239,GE4130-01,영상매체와디자인,김명하,"월21,22",,,3,
240,GE4151-01,경력개발과멘토링,김정래,"월7,8",,,2,
241,GE4161-01,골프1,박준성,"금5,6",,,2,
242,GE4161-02,골프1,지창수,"화5,6",,,2,
243,GE5101-01,국가안보론,기노경,"월7,8",,,2,
244,GE5102-01,무기체계론,정수열,"목7,8",,,2,
245,GE5103-01,리더쉽,기노경,"수7,8",,,2,
246,GE5104-01,전쟁론,기노경,"금7,8",,,2,
247,GEP114-01,사회봉사1,,,,,30,
248,GE1201-01,상상력에의초대,최성윤,"월4,5",,,2,인문과학대
249,GE1201-02,상상력에의초대,유정,"월4,5",,,2,인문과학대
250,GE1201-03,상상력에의초대,김경은,"월4,5",,,2,이공대[금융.전자]
251,GE1201-04,상상력에의초대,최성윤,"월2,3",,,2,이공대[도시.토목.산업]
252,GE1201-05,상상력에의초대,유정,"월2,3",,,2,이공대[컴과.나노]
253,GE1201-06,상상력에의초대,김경은,"월2,3",,,2,이공대[컴공.화학]
254,GE1201-07,상상력에의초대,최성윤,"월7,8",,,2,2017.2018학번
255,GE1201-08,상상력에의초대,유정,"월7,8",,,2,2017.2018학번
256,GE1202-01,문제해결의힘,유정,"수4,5",,,2,인문과학대
257,GE1202-02,문제해결의힘,유승규,"수4,5",,,2,인문과학대
258,GE1202-03,문제해결의힘,박일순,"수4,5",,,2,이공대[금융.전자]
259,GE1202-04,문제해결의힘,유정,"수2,3",,,2,이공대[도시.토목.산업]
260,GE1202-05,문제해결의힘,유승규,"수2,3",,,2,이공대[컴과.나노]
261,GE1202-06,문제해결의힘,박일순,"수2,3",,,2,이공대[컴공.화학]
262,GE1202-07,문제해결의힘,유정,"수7,8",,,2,2017.2018학번
263,GE1202-08,문제해결의힘,박일순,"수7,8",,,2,2017.2018학번
264,GE1203-01,홀리스틱리더십,이지나,"화2,3",,,2,인문과학대
265,GE1203-02,홀리스틱리더십,김태종,"화2,3",,,2,인문과학대
266,GE1203-03,홀리스틱리더십,이지나,"금7,8",,,2,이공대[금융.전자]
267,GE1203-04,홀리스틱리더십,박일순,"금7,8",,,2,이공대[도시.토목.산업]
268,GE1203-05,홀리스틱리더십,이지나,"금4,5",,,2,이공대[컴과.나노]
269,GE1203-06,홀리스틱리더십,박일순,"금4,5",,,2,이공대[컴공.화학]
270,GE1203-07,홀리스틱리더십,이지나,"화4,5",,,2,2017.2018학번
271,GE1203-08,홀리스틱리더십,박일순,"화4,5",,,2,2017.2018학번
272,GE1204-01,내인생의성공학실패학,안수진,"수2,3",,,2,사회과학대
273,GE1204-02,내인생의성공학실패학,이지나,"수2,3",,,2,사회과학대
274,GE1204-03,내인생의성공학실패학,장우현,"수2,3",,,2,미용예술대
275,GE1204-04,내인생의성공학실패학,윤영란,"금7,8",,,2,예술대
276,GE1204-05,내인생의성공학실패학,안수진,"금7,8",,,2,예술대
277,GE1204-06,내인생의성공학실패학,장우현,"금7,8",,,2,예술대
278,GE1204-07,내인생의성공학실패학,윤영란,"수4,5",,,2,2017.2018학번
279,GE1204-08,내인생의성공학실패학,이지나,"수4,5",,,2,2017.2018학번
280,GE1205-01,직무리허설,유승규,"월2,3",,,2,사회과학대
281,GE1205-02,직무리허설,박일순,"월2,3",,,2,사회과학대
282,GE1205-03,직무리허설,김정래,"월2,3",,,2,미용예술대
283,GE1205-04,직무리허설,유승규,"수7,8",,,2,예술대
284,GE1205-05,직무리허설,김정래,"수7,8",,,2,예술대
285,GE1205-06,직무리허설,정향미,"수7,8",,,2,예술대
286,GE1205-07,직무리허설,유승규,"월4,5",,,2,2017.2018학번
287,GE1205-08,직무리허설,박일순,"월4,5",,,2,2017.2018학번
288,GE1253-02,인간은무엇인가,박인종,"목7,8,9",,,3,
289,GE1234-02,패션스타일링,조영아,"목25,26",,,3,
290,GE2002-02,현대사회와경영,전정수,"화1,2,3",,,3,
291,GE2109-02,한국정치의이해,윤대식,"수1,2,3",,,3,
292,GE4141-02,영화의이해,임경식,"수23,24",,,3,
293,GE8502-01,창의적문제해결TRIZ기본 : 교류,,,원격강좌,,3,
294,GE8503-01,취업준비의정석과차별화 : 교류,,,원격강좌,,3,
295,GE8506-01,mos자격증취득을위한엑셀과액세스 : 교류,,,원격강좌,,3,
296,GE8509-01,웰니스휘트니스프로그램 : 교류,,,원격강좌,,3,
297,GE8516-01,교양한자 : 교류,,,원격강좌,,3,
298,GE8521-01,초급일본어1 : 교류,,,원격강좌,,3,
299,GE8522-01,초급일본어2 : 교류,,,원격강좌,,3,
300,GE8523-01,생활속에서배우는스페인어 : 교류,,,원격강좌,,3,
301,GE8524-01,미국문화와실용영어 : 교류,,,원격강좌,,3,
302,GE8525-01,영어발음연습 : 교류,,,원격강좌,,3,
303,GE8526-01,힌두교와인도문화 : 교류,,,원격강좌,,3,
304,GE8529-01,한국인의문화와심리 : 교류,,,원격강좌,,3,
305,GE8530-01,한국민속과전통문화 : 교류,,,원격강좌,,3,
306,GE8531-01,기독교와문화 : 교류,,,원격강좌,,3,
307,GE8533-01,문학과테마기행 : 교류,,,원격강좌,,3,
308,GE8534-01,테마로보는유럽문화기행 : 교류,,,원격강좌,,3,
309,GE8536-01,실크로드를따라서 : 교류,,,원격강좌,,3,
310,GE8537-01,마음을열어주는철학이야기 : 교류,,,원격강좌,,3,
311,GE8539-01,인간심리의이해 : 교류,,,원격강좌,,3,
312,GE8540-01,사례로배우는생활마케팅 : 교류,,,원격강좌,,3,
313,GE8541-01,범죄와범죄심리 : 교류,,,원격강좌,,3,
314,GE8542-01,결혼과가족 : 교류,,,원격강좌,,3,
315,GE8544-01,현대한국정치의이해 : 교류,,,원격강좌,,3,
316,GE8547-01,인간의행동과의식 : 교류,,,원격강좌,,3,
317,GE8548-01,경찰과사회 : 교류,,,원격강좌,,3,
318,GE8549-01,사례로보는WTO와무역마찰의이해 : 교류,,,원격강좌,,3,
319,GE8550-01,돈과삶 : 교류,,,원격강좌,,3,
320,GE8552-01,명상과마음경영 : 교류,,,원격강좌,,3,
321,GE8554-01,중국비즈니스성공및실패사례 : 교류,,,원격강좌,,3,
322,GE8555-01,한일관계의이해 : 교류,,,원격강좌,,3,
323,GE8557-01,내인생의성공학 : 교류,,,원격강좌,,3,
324,GE8558-01,영화로배우는서양여성사 : 교류,,,원격강좌,,3,
325,GE8559-01,광고와카피 : 교류,,,원격강좌,,3,
326,GE8560-01,성과일상 : 교류,,,원격강좌,,3,
327,GE8561-01,생활속의심리학 : 교류,,,원격강좌,,3,
328,GE8562-01,인문학과자기경영의만남 : 교류,,,원격강좌,,3,
329,GE8563-01,문화콘텐츠경영전략과사례 : 교류,,,원격강좌,,3,
330,GE8564-01,브랜드와광고커뮤니케이션 : 교류,,,원격강좌,,3,
331,GE8565-01,임상여성학 : 교류,,,원격강좌,,3,
332,GE8567-01,테마가든과파티장식 : 교류,,,원격강좌,,3,
333,GE8568-01,생활속의수학 : 교류,,,원격강좌,,3,
334,GE8570-01,생활과화학 : 교류,,,원격강좌,,3,
335,GE8571-01,항공우주학개론 : 교류,,,원격강좌,,3,
336,GE8573-01,생활속의안전 : 교류,,,원격강좌,,3,
337,GE8575-01,C언어및실습 : 교류,,,원격강좌,,3,
338,GE8576-01,인터넷쇼핑몰창업 : 교류,,,원격강좌,,3,
339,GE8579-01,홈페이지설계와구축 : 교류,,,원격강좌,,3,
340,GE8580-01,보고서작성스킬업 : 교류,,,원격강좌,,3,
341,GE8582-01,컴퓨터보안과활용 : 교류,,,원격강좌,,3,
342,GE8583-01,피부와생활건강 : 교류,,,원격강좌,,3,
343,GE8584-01,여성건강과운동 : 교류,,,원격강좌,,3,
344,GE8586-01,살빼기운동과영양조절 : 교류,,,원격강좌,,3,
345,GE8587-01,운동처방실제 : 교류,,,원격강좌,,3,
346,GE8589-01,도시문화와디자인 : 교류,,,원격강좌,,3,
347,GE8590-01,몸매만들기와보디빌딩 : 교류,,,원격강좌,,3,
348,GE8591-01,건강다이어트요법 : 교류,,,원격강좌,,3,
349,GE8593-01,생활무용과흐름 : 교류,,,원격강좌,,3,
350,GE8595-01,인간과운동 : 교류,,,원격강좌,,3,
351,GE8596-01,전통한옥의아름다움 : 교류,,,원격강좌,,3,
352,GE8597-01,생활안전과보디가드 : 교류,,,원격강좌,,3,
353,GE8599-01,푸드코디네이션개론 : 교류,,,원격강좌,,3,
354,GE8600-01,호신술과자기방어 : 교류,,,원격강좌,,3,
355,GE8601-01,운동과건강 : 교류,,,원격강좌,,3,
356,GE8602-01,뮤지컬영화감상과이해 : 교류,,,원격강좌,,3,
357,GE8603-01,식생활과건강 : 교류,,,원격강좌,,3,
358,GE8604-01,춤의이해 : 교류,,,원격강좌,,3,
359,GE8605-01,마음을읽어주는미술치료 : 교류,,,원격강좌,,3,
360,GE8606-01,C프로그래밍 : 교류,,,원격강좌,,3,
361,GE8607-01,민법총칙 : 교류,,,원격강좌,,3,
362,GE8608-01,행정법총론 : 교류,,,원격강좌,,3,
363,GE8611-01,안드로이드프로그래밍기초 : 교류,,,원격강좌,,3,
364,GE8612-01,취업성공전략 : 교류,,,원격강좌,,3,
365,GE8615-01,TED로배우는영화속바이오테크놀로지 : 교류,,,원격강좌,,3,
366,GE8617-01,고사성어와명언명구 : 교류,,,원격강좌,,3,
367,GE8621-01,다국적기업과글로벌라이제이션 : 교류,,,원격강좌,,3,
368,GE8622-01,대학생핵심역량의이해 : 교류,,,원격강좌,,3,
369,GE8625-01,생활속의응급처치 : 교류,,,원격강좌,,3,
370,GE8628-01,영문법기초 : 교류,,,원격강좌,,3,
371,GE8629-01,영유아아동정신건강 : 교류,,,원격강좌,,3,
372,GE8630-01,영화로배우는자연재해 : 교류,,,원격강좌,,3,
373,GE8631-01,영화읽기 : 교류,,,원격강좌,,3,
374,GE8632-01,예제로배우는C언어 : 교류,,,원격강좌,,3,
375,GE8633-01,이집트문화의과거와현재 : 교류,,,원격강좌,,3,
376,GE8635-01,인문학의이해 : 교류,,,원격강좌,,3,
377,GE8640-01,지중해문화산책 : 교류,,,원격강좌,,3,
378,GE8642-01,태국의역사문화기행 : 교류,,,원격강좌,,3,
379,GE8644-01,형사소송법 : 교류,,,원격강좌,,3,
380,GE8647-01,리더십기행 : 교류,,,원격강좌,,3,
381,GE8650-01,영국의역사 : 교류,,,원격강좌,,3,
382,GE8651-01,잊을수없는6.25전쟁사 : 교류,,,원격강좌,,3,
383,GE8652-01,끌리는사람들의유쾌한커뮤니케이션 : 교류,,,원격강좌,,3,
384,GE8653-01,컴퓨터네트워크와인터넷 : 교류,,,원격강좌,,3,
385,GE8654-01,재미있는골프 : 교류,,,원격강좌,,3,
386,GE8655-01,교육학개론 : 교류,,,원격강좌,,3,
387,GE8656-01,부동산의이해 : 교류,,,원격강좌,,3,
388,GE8657-01,한국이민의역사와문화이야기 : 교류,,,원격강좌,,3,
389,GE8658-01,문학과상상력 : 교류,,,원격강좌,,3,
390,GE8660-01,문화콘텐츠와창의성 : 교류,,,원격강좌,,3,
391,GE8661-01,인간관계론 : 교류,,,원격강좌,,3,
392,GE8663-01,세상을바꾸는아름다운수학 : 교류,,,원격강좌,,3,
393,GE8665-01,현대음악의이해 : 교류,,,원격강좌,,3,
394,GE8666-01,호스피스완화의료 : 교류,,,원격강좌,,3,
395,GE8667-01,경영과컴퓨터 : 교류,,,원격강좌,,3,
396,GE8668-01,글로벌무역실무 : 교류,,,원격강좌,,3,
397,GE8669-01,글로벌시장과비즈니스이해 : 교류,,,원격강좌,,3,
398,GE8670-01,리더십개발프로그램및평가 : 교류,,,원격강좌,,3,
399,GE8672-01,생활속의경찰 : 교류,,,원격강좌,,3,
400,GE8673-01,서양미술사 : 교류,,,원격강좌,,3,
401,GE8674-01,허브와아로마테라피 : 교류,,,원격강좌,,3,
402,GE8679-01,독일철학의이해 : 교류,,,원격강좌,,3,
403,GE8681-01,처음시작하는딥러닝 : 교류,,,원격강좌,,3,
404,GE8682-01,사물인터넷이해 : 교류,,,원격강좌,,3,
405,GE8683-01,시네마영상스토리 : 교류,,,원격강좌,,3,
406,GE8684-01,100세시대를위한운동과영양 : 교류,,,원격강좌,,3,
407,GE8686-01,모두의인공지능 : 교류,,,원격강좌,,3,
408,GE8687-01,4차산업혁명기술과자동차이야기 : 교류,,,원격강좌,,3,
409,GE8688-01,제4차산업혁명과자기경영 : 교류,,,원격강좌,,3,
410,GE8689-01,명장면명음반영어 : 교류,,,원격강좌,,3,
411,GE8690-01,영재교육학개론 : 교류,,,원격강좌,,3,
412,GE8691-01,초심자의무역용어이해 : 교류,,,원격강좌,,3,
413,GE8692-01,컴퓨팅사고력기르기 : 교류,,,원격강좌,,3,
414,GE8694-01,일본문화바로알기 : 교류,,,원격강좌,,3,
415,GE8695-01,경영학원론 : 교류,,,원격강좌,,3,
416,CC1001-01,문화콘텐츠의이해,김의준,"수21,22",,전공,3,
417,CC1003-01,문화와예술,박화선,"목25,26",,전공,3,
418,CC1013-01,문화산업과콘텐츠,,"목21,22",,전공,3,
419,CC1019-01,한국문화의원형,이복규,화목24,,전공,3,
420,CC1103-01,신화와콘텐츠개발,류희성,"수21,22",,전공,3,
421,CC1105-01,문화산업현장탐방,,"금25,26",,전공,3,
422,CC1107-01,브랜드와이미지,방미영,"화23,24",,전공,3,
423,CC1111-01,한국문화와콘텐츠개발,이희주,"화25,26",,전공,3,
424,CC1123-01,가상현실개론,류석원,"금23,24",북620,전공,3,
425,CC1155-01,지역문화컨설팅,방미영,"수25,26",,전공,3,
426,CC1159-01,실전프리젠테이션,안승준,"금23,24",,전공,3,
427,CC1161-01,스토리기획실습,김의준,"화21,22",,전공,3,
428,CC1999,졸업논문및시험,,,,전공,0,8월졸업예정자
429,KR0127-01,문학교육론,박윤우,화목22,혜410,전공,3,
430,KR1011-01,국어맞춤법의실제,엄태수,화목21,혜410,전공,3,
431,KR1050-01,고전텍스트응용실습,이복규,월수22,혜410,전공,3,
432,KR1099-01,교과교육론,박윤우,"금23,24",은2)602,전공,3,교직이수자필수
433,KR1208-01,의사소통교육론,박윤우,"화25,26",은2)602,전공,3,
434,KR1008-01,국어사,엄태수,화목22,혜209,전공,3,
435,KR1088-01,문학비평의이론과실제,박윤우,"수23,24",혜209,전공,3,
436,KR1999,졸업논문및시험,,,,전공,0,8월졸업예정자
437,PH1003-01,동양철학개론,정지욱,"수23,24",,전공,3,
438,PH1013-01,서양근대철학사,연희원,화목23,,전공,3,
439,PH1101-01,사회철학,김종규,"화25,26",,전공,3,
440,PH1125-01,에로스와철학,금빛내렴,"수25,26",,전공,3,
441,PH1135-01,해석학과문예비평,반성택,화목22,,전공,3,
442,PH1155-01,포스트모더니즘과현대대중문화,박창균,"수25,26",,전공,3,
443,PH1159-01,현대유럽철학특강,반성택,화목24,,전공,3,
444,PH1165-01,철학고전선독,이기백,월수22,,전공,3,
445,PH1179-01,도가의현대적이해,류희성,"월25,26",,전공,3,
446,PH1999,졸업논문및시험,,,,전공,0,8월졸업예정자
447,IB0001-01,무역학개론,김창선,"화25,26",,전공,2,
448,IB0001-02,무역학개론,서경,"목25,26",,전공,2,
449,IB0007-01,회계기초,이근화,"화25,26",,전공,2,
450,EG2058-01,Reading and Composition 1,Jake,화목23,혜,전공,3,
451,EG2058-02,Reading and Composition 1,Bilal,화목23,혜,전공,3,
452,EG2058-03,Reading and Composition 1,Gross,화목23,혜,전공,3,
453,EG2058-04,Reading and Composition 1,Vanessa,화목23,혜,전공,3,
454,EG2058-05,Reading and Composition 1,Janelle,화목23,혜,전공,3,
455,EG2058-06,Reading and Composition 1,Peder,화목23,혜,전공,3,
456,JP1012-01,시청각일어1,이즈미,월목25,혜403,전공,3,
457,JP1091-01,일어학입문,백송종,화목24,혜404,전공,3,
458,CL1011-01,초급중국어회화1,강창수,화24목22,혜207,전공,3,
459,CL1011-02,초급중국어회화1,장영기,월25목22,혜208,전공,3,
460,RL2019-01,현대러시아의이해,박진환,"수21,22",혜,전공,3,
461,RL2025-01,관광러시아어,잔나,"목21,22",혜,전공,3,
462,FR1003-01,기초프랑스어회화1,부르뎅,월금23,혜,전공,3,
463,FR1084-01,기초프랑스어1,최내경,월목25,혜,전공,3,
464,EG2038-01,Essay Writing,Pete,화목22,혜,전공,3,
465,EG2038-02,Essay Writing,Spink,화목22,혜,전공,3,
466,EG2038-03,Essay Writing,Vanessa,화목22,혜,전공,3,
467,EG2039-01,Advanced English Conversation 1,Mark,월목26,혜,전공,3,
468,EG2039-02,Advanced English Conversation 1,Jake,월목26,혜,전공,3,
469,EG2039-03,Advanced English Conversation 1,Vanessa,월목26,혜,전공,3,
470,EG2039-04,Advanced English Conversation 1,Peder,월목26,혜,전공,3,
471,EG2043-01,Presentations in English,Spink,화목24,혜,전공,3,
472,EG2043-02,Presentations in English,Bilal,화목24,혜,전공,3,
473,EG2068-01,영어독해,최인순,"화25,26",혜,전공,3,교직이수자필수
474,JP1014-01,시츄에이션일회화1,이즈미,"수23,24",혜403,전공,3,
475,JP1201-01,일본어강독,한영균,"화25,26",혜404,전공,3,
476,JP1202-01,일본어문법,백송종,월수22,혜404,전공,3,
477,CL1001-01,중국어1,박민웅,"수23,24",혜408,전공,3,
478,CL1001-02,중국어1,차성만,월목25,혜409,전공,3,
479,CL1020-01,중국어학개론,박민웅,화목23,혜408,전공,3,
480,CL1033-01,중급중국어회화1,강창수,화25목21,혜207,전공,3,
481,CL1033-02,중급중국어회화1,장영기,화25목21,혜208,전공,3,
482,CL1205-01,문화중국어1,배인수,"월21,22",혜408,전공,3,
483,CL1209-01,상황중국어1,전화,"수25,26",,전공,3,
484,CL1209-02,상황중국어1,장춘매,"수25,26",혜207,전공,3,
485,RL1001-01,러시아어1,안병팔,"수21,22",혜,전공,3,
486,RL1203-01,기초러시아어회화1,잔나,"수24,25",혜,전공,3,
487,RL2029-01,러시아어문법,이수현,"월24,25",혜,전공,3,
488,FR1001-01,프랑스어1,최내경,월금23,혜,전공,3,
489,FR1021-01,생활프랑스어1,박진석,"수23,24",혜,전공,3,
490,FR1079-01,커뮤니케이션프랑스어1,부르뎅,월금24,혜,전공,3,
491,FR1079-02,커뮤니케이션프랑스어1,아나이스,"금23,24",혜,전공,3,
492,EG2042-01,시사영강독2,송희심,화목23,혜,전공,3,
493,EG2042-02,시사영강독2,최인순,화목23,혜,전공,3,
494,EG2042-03,시사영강독2,송희심,화목24,혜,전공,3,
495,EG2045-01,Business Talk 1,Mark,월목25,혜,전공,3,
496,EG2045-02,Business Talk 1,Spink,월목25,혜,전공,3,
497,EG2045-03,Business Talk 1,Janelle,월목25,혜,전공,3,
498,EG2045-04,Business Talk 1,Bilal,월목25,혜,전공,3,
499,EG2045-05,Business Talk 1,Gross,월목25,혜,전공,3,
500,EG2051-01,Media Listening 1,Gross,화목24,혜,전공,3,
501,EG2051-02,Media Listening 1,Jake,화목24,혜,전공,3,
502,EG2051-03,Media Listening 1,Janelle,화목24,혜,전공,3,
503,JP0114-01,일본어학개론,백송종,"수25,26",혜404,전공,3,
504,JP1106-01,일번역연습1,한영균,"금23,24",혜404,전공,3,
505,JP1112-01,교과교육론,백송종,"수23,24",혜404,전공,3,교직이수자필수
506,JP1206-01,일본문화,이즈미,"화25,26",혜403,전공,3,
507,CL1202-01,중국어작문,장영기,월목26,혜408,전공,3,
508,CL1301-01,무역중국어1,루징,"화25,26",혜408,전공,3,
509,CL1303-01,관광중국어1,장춘매,화목22,혜408,전공,3,
510,CL1309-01,실용중국어1,박민웅,화목24,혜408,전공,3,
511,CL2005-01,비즈니스중국어회화1,전화,"수23,24",혜207,전공,3,
512,CL2005-02,비즈니스중국어회화1,장춘매,화목23,혜208,전공,3,
513,CL2007-01,비즈니스중국어1,차성만,화목24,혜409,전공,3,
514,CL2016-01,교과교육론,장영기,"금23,24",혜408,전공,3,교직이수자필수
515,RL1011-01,러시아어3,안병팔,"화21,22",혜,전공,3,
516,RL1082-01,교과교육론,,"금23,24",혜,전공,3,교직이수자필수
517,RL2003-01,비즈니스러시아어회화연습1,잔나,"월21,22",혜,전공,3,
518,RL2018-01,러시아문화,이수현,"수24,25",혜,전공,3,
519,FR1049-01,실용프랑스어실습1,부르뎅,화목22,혜,전공,3,
520,FR1049-02,실용프랑스어실습1,로맹,"금25,26",혜6,전공,3,
521,FR1067-01,DELF1,박진석,월수22,혜,전공,3,
522,FR1077-01,프랑스문화콘텐츠1,최내경,화목23,혜,전공,3,
523,EG1002-01,영문학개론,이우주,"수23,24",혜,전공,3,
524,EG2047-01,Advanced Business Talk 1,Mark,화목24,혜,전공,3,
525,EG2054-01,Business Reading 1,최인순,화목24,혜,전공,3,
526,EG2064-01,영어문법,송희심,월목25,혜,전공,3,
527,EG1999,졸업논문및시험,,,,전공,0,8월졸업예정자
528,JP1049-01,커뮤니케이션일회화1,이즈미,월목26,혜403,전공,3,
529,JP1085-01,실용일어연습,한영균,"금25,26",혜404,전공,3,
530,JP1999,졸업논문및시험,,,,전공,0,8월졸업예정자
531,CL1305-01,시사중국어1,차성만,"수23,24",혜409,전공,3,
532,CL1319-01,프리토킹중국어1,전화,월목25,혜206,전공,3,
533,CL1319-02,프리토킹중국어1,루징,월목25,혜207,전공,3,
534,CL2013-01,비즈니스중국어작문,루징,화목23,혜409,전공,3,
535,CL2019-01,중국어교육론,강창수,"수21,22",혜207,전공,3,
536,CL1999,졸업논문및시험,,,,전공,0,8월졸업예정자
537,RL1061-01,시사러시아어1,박진환,"월21,22",혜,전공,3,
538,RL2006-01,비즈니스러시아어작문연습,잔나,"화21,22",혜,전공,3,
539,RL2014-01,러시아어교육론,안병팔,"목21,22",혜,전공,3,
540,RL1999,졸업논문및시험,,,,전공,0,8월졸업예정자
541,FR1031-01,고급프랑스어1,최내경,화목22,혜,전공,3,
542,FR1035-01,고급프랑스어회화1,부르뎅,화목24,혜,전공,3,
543,FR1046-01,프랑스어번역실습1,김희경,"화25,26",혜,전공,3,
544,FR1999,졸업논문및시험,,,,전공,0,8월졸업예정자
545,CR1061-01,아동학개론,신혜원,"수25,26",혜302,전공,3,
546,CR1031-01,아동미술,정채영,"금25,26",은1)201,전공,3,
547,CR1031-02,아동미술,정채영,"화25,26",은1)201,전공,3,
548,CR1066-01,유아사회교육,신혜원,"화21,22",혜302,전공,3,
549,CR1095-01,아동건강교육,신윤승,"목23,24",혜301,전공,3,
550,CR1123-01,영유아발달,유영미,"화25,26",혜302,전공,3,
551,CR1123-02,영유아발달,유영미,"금25,26",혜302,전공,3,
552,CR1128-01,아동권리와복지,민미희,"월21,22",혜301,전공,3,
553,CR1128-02,아동권리와복지,민미희,"목21,22",혜301,전공,3,
554,CR1092-01,놀이지도,신윤승,"월21,22",혜302,전공,3,
555,CR1092-02,놀이지도,신윤승,"수21,22",혜301,전공,3,
556,CR1097-01,영유아교수방법,신혜원,"화25,26",혜301,전공,3,
557,CR1098-01,아동관찰및행동연구,유영미,"금23,24",혜302,전공,3,
558,CR1099-01,아동생활지도,민미희,"금25,26",혜301,전공,3,
559,CR1106-01,건강가정론,정채영,"목25,26",혜301,전공,3,
560,CR1113-01,교과교육론,정채영,"화23,24",혜301,전공,3,교직이수자필수
561,CR1076-01,아동심리측정및검사,유영미,"월25,26",혜302,전공,3,
562,CR1100-01,정신건강론,민미희,"수23,24",혜301,전공,3,
563,CR1103-01,유아교육기관운영관리,신윤승,"수25,26",혜301,전공,3,
564,CR1998-01,보육실습,신혜원,"월23,24",혜302,전공,3,
565,CR1999,졸업논문및시험,,,,전공,0,8월졸업예정자
566,PR1001-01,법학개론,정웅석,"화23,24",,전공,3,
567,PR1003-01,행정학개론,김정훈,"목23,24",,전공,3,
568,PR1034-01,공무원영어,전현아,"화21,22",,전공,3,
569,PR1030-01,공무원국어1,이유진,"목21,22",,전공,3,
570,PR1032-01,공무원국사1,박용선,"수21,22",,전공,3,
571,PR-01,경찰학개론1,김운용,"금25,26",,전공,3,
572,LW1002-01,헌법2,이준복,"수25,26",,전공,3,
573,LW1021-01,형법총론1,정웅석,"화25,26",,전공,3,
574,LW1041-01,민법총칙1,이준복,"목25,26",,전공,3,
575,LW0025-01,민사소송법,성봉근,"월25,26",,전공,3,
576,LW1012-01,행정법2,성봉근,"수23,24",,전공,3,
577,LW1023-01,형법각론,정웅석,"목25,26",,전공,3,
578,LW1117-01,경제법,이준복,"화23,24",,전공,3,
579,PA1029-01,주요국의행정체제,김정훈,"금23,24",,전공,3,
580,PA1030-01,정책학,강종혁,"수21,22",,전공,3,
581,PA1031-01,한국행정의이해,채성준,"수25,26",,전공,3,
582,PA1044-01,조직행태론,하현길,"월25,26",,전공,3,
583,PR1023-01,공무원판례헌법,이준복,"월23,24",,전공,3,
584,PR1024-01,공무원판례행정법,성봉근,"목23,24",,전공,3,
585,LW1026-01,형사소송법,정웅석,"목23,24",,전공,3,
586,LW1046-01,채권각론,성봉근,"화25,26",,전공,3,
587,LW1999,졸업논문및시험,,,,전공,0,8월졸업예정자
588,PA1028-01,도시및지역개발론,강종혁,"수23,24",,전공,0,
589,PA1093-01,행정학특강1,하헌길,"화25,26",,전공,3,
590,PA1100-01,지방공기업론,임성은,"금25,26",,전공,3,
591,PA1999,졸업논문및시험,,,,전공,0,8월졸업예정자
592,BS1010-01,경제학원론,김영호,화목22,,전공,3,
593,BS1010-02,경제학원론,한택환,화목22,,전공,3,
594,BS1010-03,경제학원론,김영호,화목24,혜304,전공,3,
595,BS2012-01,경영통계,안웅,"화25,26",,전공,3,
596,BS2012-02,경영통계,김서경,"수23,24",,전공,3,
597,BS2012-03,경영통계,한태동,"화25,26",,전공,3,
598,BS2012-04,경영통계,한태동,화목22,,전공,3,
599,BS2013-01,미시경제,김영호,월수22,,전공,3,
600,BS2013-02,미시경제,이효창,"수23,24",,전공,3,
601,BS2023-01,마케팅,정한경,화목22,,전공,3,
602,BS2043-01,재무회계,한문성,월목26,혜308,전공,3,
603,BS2043-02,재무회계,박용무,월목25,혜308,전공,3,
604,BS2043-03,재무회계,조수익,"화25,26",,전공,3,
605,LM5002-01,물류관리,안웅,"수23,24",혜303,전공,3,
606,IT1093-01,무역경영,김창선,월수21,혜303,전공,3,
607,AC0018-01,원가회계,박용무,화목24,,전공,3,
608,AC1007-01,세법개론,위성팔,"수23,24",혜308,전공,3,
609,EC1277-01,경영경제수학,한택환,화목23,혜308,전공,3,
610,GB0001-01,경영경제수학,한택환,화목23,혜308,전공,3,
611,GB0002-01,세법개론,위성팔,"수23,24",혜308,전공,3,
612,BA1018-01,경영과학,박영선,"화25,26",혜304,전공,3,
613,BA1110-01,조직행동의이해,김영진,화목22,혜303,전공,3,
614,BA1120-01,투자의이론과실제,김서경,화목24,혜306,전공,3,
615,LM5001-01,소비자행동,최우석,월수22,혜306,전공,3,
616,LM5006-01,광고론,김종훈,"화25,26",혜306,전공,3,
617,LM5017-01,비즈니스스피킹1,이승연,화목23,혜306,전공,3,
618,IT1041-01,국제무역론,김영호,월수21,혜304,전공,3,
619,IT1043-01,무역계약,김창선,화목21,혜304,전공,3,
620,IT1044-01,무역영어2,김창선,월수22,혜304,전공,3,
621,IT1078-01,다국적기업사례,이경국,화목22,혜304,전공,3,
622,AC1022-01,중급회계2,한문성,월목25,혜308,전공,3,
623,AC1028-01,부가가치세실무,박용무,"화25,26",,전공,3,
624,AC1064-01,관리회계연습,조철호,"월21,22",혜308,전공,3,
625,EC1147-01,응용일반균형분석,이효창,월수22,,전공,3,
626,EC1252-01,자본시장의이론과제도,김서경,화목21,혜308,전공,3,
627,EC1255-01,화폐금융,한택환,화목24,혜308,전공,3,
628,GB0005-01,개인재무설계,김성호,"수23,24",혜304,전공,3,
629,GB0006-01,화폐금융,한택환,월수22,혜303,전공,3,
630,GB0008-01,투자의이론과실제,김서경,화목24,혜306,전공,3,
631,GB0009-01,인터내셔널커뮤니케이션1,이승연,월목25,혜306,전공,3,
632,GB0013-01,국제세무계획론,조정근,"화25,26",,전공,3,
633,BA1005-01,비즈니스커뮤니케이션,김영진,화목23,혜303,전공,3,
634,BA1040-01,경영정보시스템실습,한태동,화목24,혜303,전공,3,
635,BA1126-01,벤처창업,전규열,"화25,26",혜303,전공,3,
636,BA1999,졸업논문및시험,,,,전공,0,8월졸업예정자
637,LM5005-01,마케팅전략,최우석,화목22,혜306,전공,3,
638,LM5016-01,e-비즈니스,김철문,"수23,24",혜306,전공,3,
639,LM1999,졸업논문및시험,,,,전공,0,8월졸업예정자
640,IT1064-01,무역정책,김영호,월목25,혜304,전공,3,
641,IT1999,졸업논문및시험,,,,전공,0,8월졸업예정자
642,AC1034-01,세무회계,안성열,"화25,26",혜308,전공,3,
643,AC1999,졸업논문및시험,,,,전공,0,8월졸업예정자
644,EC1265-01,위험관리와보험,김서경,화목22,혜308,전공,3,
645,EC1999,졸업논문및시험,,,,전공,0,8월졸업예정자
646,BS2047-01,경영캡스톤디자인,박영선,"수10,11,12",,전공,3,4학년은 필수
647,BS2047-02,경영캡스톤디자인,김영진,"수10,11,12",,전공,3,4학년은 필수
648,BS2047-03,경영캡스톤디자인,김서경,"수10,11,12",,전공,3,4학년은 필수
649,BS2047-04,경영캡스톤디자인,안웅,"수10,11,12",,전공,3,4학년은 필수
650,BS2047-05,경영캡스톤디자인,이경국,"수10,11,12",,전공,3,4학년은 필수
651,BS2047-06,경영캡스톤디자인,김영호,"수10,11,12",,전공,3,4학년은 필수
652,BS2047-07,경영캡스톤디자인,정한경,"수10,11,12",,전공,3,4학년은 필수
653,BS2047-08,경영캡스톤디자인,김창선,"수10,11,12",,전공,3,4학년은 필수
654,BS2047-09,경영캡스톤디자인,한문성,"수10,11,12",,전공,3,4학년은 필수
655,BS2047-10,경영캡스톤디자인,박용무,"수10,11,12",,전공,3,4학년은 필수
656,BS2047-11,경영캡스톤디자인,한택환,"수10,11,12",,전공,3,4학년은 필수
657,GE5108-01,기초만다린언어와문화1,장영기,화목24,유1113,자선,3,
658,BS2025-01,재무관리,김성호,"월23,24",유1104,전공,3,
659,BS5003-01,인간관계와리더십,한태동,"목25,26",유1104,전공,3,
660,BS5212-01,원가회계,송은진,"목25,26",유1112,전공,3,
661,BS5213-01,중급회계1,송은진,화목22,유1112,전공,3,
662,BS5215-01,경영통계,한태동,화목22,,전공,3,
663,BS5223-01,기업법1,김도우,"화25,26",유1112,전공,3,
664,BS5218-01,국제재무관리,김성호,"화25,26",유1104,전공,3,
665,BS5219-01,투자의이론과실제,조정근,"화23,24",유1112,전공,3,
666,BS5239-01,기업활동의세무적요인론,조정근,"월21,22",유1104,전공,3,
667,BS5999,졸업논문및시험,,,,전공,0,8월졸업예정자
668,SM1001-01,국가안보론,정희태,"목1,2,3",본605,전공,3,
669,SM1002-01,군사학개론,박성범,"화1,2,3",본605,전공,3,
670,SM1009-01,북한학,박성범,"수6,7,8",본605,전공,3,
671,SM1012-01,한민족사,정희태,"금4,5,6",본605,전공,3,
672,SMP101-01,체력단련및내무지도1,정희태,수9,본605,전공,1,
673,SM1015-01,세계전쟁사,양해수,"수25,26",혜508,전공,3,
674,SM1018-01,군사교육학,기노경,"화21,22",혜508,전공,3,
675,SM1029-01,군사과학기술,정희태,"월1,2,3",혜508,전공,3,
676,SM1034-01,군사학세미나,김규하,"수2,3",혜508,전공,2,
677,SMP103-01,체력단련및내무지도3,양해수,화9,본605,전공,1,
678,SM1005-01,군사사,기노경,"화25,26",혜508,전공,3,
679,SM1028-01,상담학,박성범,"목7,8,9",본605,전공,3,
680,SM1042-01,직업군인론,양해수,"금25,26",혜508,전공,3,
681,SMP105-01,체력단련및내무지도5,기노경,월9,본605,전공,1,
682,SM1026-01,전략론,정희태,"목25,26",혜508,전공,3,
683,SM1033-01,국방기획관리,정수열,"월25,26",혜508,전공,3,
684,SM1045-01,군사회복지론,양해수,"목21,22",혜508,전공,3,
685,SMP107-01,체력단련및내무지도7,정수열,금9,본605,전공,1,
686,SM1999,졸업논문및시험,,,,전공,0,8월졸업예정자
687,CS0101-01,프로그래밍기초,김치용,"수23,24",북618,전공,3,
688,CS0101-02,프로그래밍기초,류석원,"수23,24",북620,전공,3,
689,CS0101-03,프로그래밍기초,노정규,"월23,24",북621,전공,3,
690,CS0106-01,소프트웨어적사고,정태의,화21목22,북,전공,3,
691,CS0106-02,소프트웨어적사고,정태의,"화22,목21",북,전공,3,
692,CS1142-01,웹클라이언트컴퓨팅,박종준,화목21,북617,전공,3,
693,CS1142-02,웹클라이언트컴퓨팅,류귀열,화목22,북620,전공,3,
694,CS1142-03,웹클라이언트컴퓨팅,신우창,화목22,북618,전공,3,
695,CS1143-01,컴퓨터아키텍쳐,장문수,"월21,수24",북608,전공,3,
696,CS1143-02,컴퓨터아키텍쳐,장문수,"월22,수21",북608,전공,3,
697,CS1144-01,자료구조및실습,곽재창,"수21,22",북617,전공,3,
698,CS1144-02,자료구조및실습,민미경,"수22,23",북621,전공,3,
699,CS1144-03,자료구조및실습,이지영,"화25,26",북617,전공,3,
700,CS1145-01,자바프로그래밍,류귀열,화목24,북621,전공,3,
701,CS1145-02,자바프로그래밍,류석원,"화23,24",북620,전공,3,
702,CS1145-03,자바프로그래밍,신우창,화목23,북618,전공,3,
703,CS1521-01,소프트웨어실습1,이지영,"월25,26",북617,전공,3,
704,CS1048-01,데이터베이스,김성석,"목21,22",,전공,3,
705,CS1048-02,데이터베이스,민미경,"화21,22",북621,전공,3,
706,CS1050-01,컴퓨터네트워크,곽재창,"화21,22",북608,전공,3,
707,CS1050-02,컴퓨터네트워크,곽재창,"목21,22",북608,전공,3,
708,CS1069-01,멀티미디어,장문수,"월24,수22",북620,전공,3,
709,CS1122-01,임베디드시스템,정태의,"월21,22",북618,전공,3,
710,CS1301-01,웹서버컴퓨팅,박종준,화목23,북617,전공,3,
711,CS1302-01,시스템프로그래밍,김성석,"수24,25",북617,전공,3,
712,CS1065-01,소프트웨어공학,노정규,"수21,22",북,전공,3,
713,CS1073-01,인공지능,장문수,"화21,22",북,전공,3,
714,CS1105-01,인터넷보안,박종준,"월21,22",북617,전공,3,
715,CS1401-01,스프링프레임워크,신우창,"금23,24",북618,전공,3,
716,CS1403-01,빅데이터소프트웨어,류귀열,"수24,25",북621,전공,3,
717,CS1541-01,캡스톤설계1,곽재창,"화25,26",북613,전공,3,
718,CS1541-02,캡스톤설계1,김성석,"화25,26",북611,전공,3,
719,CS1541-03,캡스톤설계1,김치용,"화25,26",북614,전공,3,
720,CS1541-04,캡스톤설계1,노정규,"화25,26",북604,전공,3,
721,CS1541-05,캡스톤설계1,민미경,"화25,26",북601,전공,3,
722,CS1999,졸업작품및시험,,,,전공,0,8월졸업예정자
723,FI1001-01,경제학원론,최창열,"금23,24",북,전공,3,
724,FI1002-01,통계학개론,함형범,"월21,22",북706,전공,3,
725,FI1002-02,통계학개론,함형범,"수21,22",북706,전공,3,
726,FI1055-01,컴퓨터응용,안창호,"수21,22",북,전공,3,
727,FI1055-02,컴퓨터응용,함형준,"월21,22",북,전공,3,
728,FI1005-01,금융상품분석기초,함형준,"금24,25",북,전공,3,
729,FI1007-01,데이터분석패키지,안창호,"수25,26",북706,전공,3,
730,FI1009-01,증권과채권투자분석,최창열,"화21,22",북,전공,3,
731,FI1017-01,회귀분석,함형범,"수23,24",북706,전공,3,
732,FI1034-01,재무회계,함형준,"목22,23",북,전공,3,
733,FI1037-01,금융기관론,최창열,"화23,24",북,전공,3,
734,FI1046-01,부동산관리론,송인규,"목24,25",북,전공,3,
735,FI1020-01,리스크관리2,함형범,"월23,24",북,전공,3,
736,FI1035-01,파생상품운용전략,최창열,"목22,23",북,전공,3,
737,FI1040-01,미분방정식,강부현,"수23,24",북,전공,3,
738,FI1043-01,투자론,함형준,"목24,25",북,전공,3,
739,FI1047-01,전산회계,안창호,"월25,26",북706,전공,3,
740,FI1053-01,재무설계,함형준,"수25,26",북,전공,3,
741,FI1036-01,마케팅,송인규,"화25,26",북,전공,3,
742,FI1057-01,고객관리실무프로젝트,함형준,"월23,24",북706,전공,3,
743,FI1057-02,고객관리실무프로젝트,함형범,"화21,22",북706,전공,3,
744,FI1057-03,고객관리실무프로젝트,송인규,"화23,24",북706,전공,3,
745,FI1057-04,고객관리실무프로젝트,안창호,"목23,24",북706,전공,3,
746,FI1057-05,고객관리실무프로젝트,최창열,"목25,26",북706,전공,3,
747,FI1999,졸업논문및시험,,,,전공,0,8월졸업예정자
748,EE0003-01,전자공학개론,강선미,"화22,수25",북106,전공,3,
749,EE0003-02,전자공학개론,임신일,"화22,수25",북107,전공,3,
750,EE1009-01,디지털회로설계,정준모,"월21,수22",북109,전공,3,
751,EE1009-02,디지털회로설계,정준모,"월22,수21",북109,전공,3,
752,EE1237-01,프로그래밍기초1,이승우,"화25,26",북319,전공,2,
753,EE1237-02,프로그래밍기초1,송병권,"화25,26",북320,전공,2,
754,EE1237-03,프로그래밍기초1,이승우,"목22,23",북320,전공,2,
755,EE0005-01,컴퓨터구조,강선미,"월21,수22",북106,전공,3,
756,EE0005-02,컴퓨터구조,강선미,"월22,수21",북106,전공,3,
757,EE0006-01,공학수학및연습1,이승우,화21목25,북109,전공,3,
758,EE0006-02,공학수학및연습1,이승우,"화22,목21",북109,전공,3,
759,EE1002-01,물리전자공학,조근호,"월22,수21",북107,전공,3,
760,EE1002-02,물리전자공학,조근호,"월21,수22",북107,전공,3,
761,EE1201-01,프로그램언어기초및실습,서기성,"수23,24",북319,전공,2,
762,EE1201-02,프로그램언어기초및실습,송병권,"수23,24",북320,전공,2,
763,EE1226-01,회로이론,김명환,월화23,북110,전공,3,
764,EE1227-01,회로망이론,김명환,월화24,북110,전공,3,
765,EE1228-01,전기자기학,정연춘,"화22,목21",북308,전공,3,
766,EE1228-02,전기자기학,정연춘,화21목22,북308,전공,3,
767,EE1022-01,전자회로2,임신일,"월21,수22",북308/북319,전공,3,
768,EE1022-02,전자회로2,임신일,"월22,수21",북308/북319,전공,3,
769,EE1023-01,전자회로실험,김명환,"월25,26",북316,전공,3,
770,EE1023-02,전자회로실험,김명환,"화25,26",북316,전공,3,
771,EE1030-01,교과교육론,양애경,"금23,24",,전공,3,교직이수자필수
772,EE1056-01,안테나공학,정연춘,"목25,26",북319,전공,3,
773,EE1107-01,디지털신호처리및실험,강선미,월수24,북106,전공,3,
774,EE1220-01,운영체제기초,송병권,"화21,22",북320,전공,3,
775,EE1230-01,반도체공학,조근호,월수23,북107,전공,3,
776,EE1231-01,통신이론,이주영,"화23,24",북308,전공,3,
777,EE1241-01,공업교육론,김준,"수23,24",,전공,3,교직이수자필수
778,EE1242-01,전기전자일반,강선미,"화22,수25",북106,전공,3,교직이수자필수
779,EE1109-01,마이크로로보트설계및제작,정준모,"목23,24",북319,전공,3,
780,EE1245-01,수치해석,이주영,"목21,22",북319,전공,2,
781,EE1028-01,지능시스템,서기성,"화22,23",북319,전공,3,
782,EE1042-01,공학종합설계1,김준,"수25,26",본701,전공,3,
783,EE1042-02,공학종합설계1,서기성,"수25,26",북304,전공,3,
784,EE1042-03,공학종합설계1,송병권,"수25,26",북312,전공,3,
785,EE1042-04,공학종합설계1,이주영,"수25,26",북305,전공,3,
786,EE1042-05,공학종합설계1,정연춘,"수25,26",북311,전공,3,
787,EE1214-01,집적회로설계,임신일,"월25,26",북319,전공,3,
788,EE1999,졸업논문및시험,,,,전공,0,8월졸업예정자
789,CE1001-01,C프로그래밍,김재현,"목25,26",북521,전공,3,
790,CE1001-02,C프로그래밍,이대원,"목25,26",북520,전공,3,
791,CE1001-03,C프로그래밍,남기훈,"목25,26",북518,전공,3,
792,CE1001-04,C프로그래밍,남기훈,"월23,24",북518,전공,3,
793,CE1006-01,논리회로,조영완,"월25,26",북508,전공,3,
794,CE1006-02,논리회로,조영완,"화25,26",북508,전공,3,
795,CE1006-03,논리회로,남기훈,"화25,26",북,전공,3,
796,CE1044-01,컴퓨터공학세미나,남기훈,"수24,25",북,전공,3,
797,CE1044-02,컴퓨터공학세미나,임대환,"수24,25",북,전공,3,
798,CE1008-01,자료구조,손용락,"화25,목26",북,전공,3,
799,CE1008-02,자료구조,손용락,"화26,목25",북,전공,3,
800,CE1063-01,컴퓨터구조,이광엽,"화25,목26",북,전공,3,
801,CE1063-02,컴퓨터구조,이광엽,"화26,목25",북,전공,3,
802,CE1102-01,C++프로그래밍,김태영,"화21,22",북520,전공,3,
803,CE1102-02,C++프로그래밍,김태영,"목22,23",북520,전공,3,
804,CE1105-01,회로망및시뮬레이션기초,조영완,"수25,26",북508,전공,3,
805,CE1124-01,하드웨어기술언어,남기훈,"월25,26",북518,전공,3,
806,CE1139-01,이산수학,박태룡,화목24,북508,전공,3,
807,CE1160-01,아두이노프로그래밍,김진헌,"화22,23",북518,전공,3,
808,CE1160-02,아두이노프로그래밍,김진헌,"목22,23",북518,전공,3,
809,CE1022-01,데이터베이스시스템,손용락,"월25,26",북,전공,3,
810,CE1022-02,데이터베이스시스템,손용락,"수25,26",북,전공,3,
811,CE1053-01,컴퓨터그래픽스,김태영,"화23,24",북520,전공,3,
812,CE1069-01,운영체제,임철수,"월23,24",북517,전공,3,
813,CE1069-02,운영체제,임철수,"화21,22",북517,전공,3,
814,CE1140-01,JAVA프로그래밍,이양선,"월25,26",북521,전공,3,
815,CE1140-02,JAVA프로그래밍,이양선,"화25,26",북521,전공,3,
816,CE1161-01,컴퓨터네트워크,이대원,"수22,목23",북,전공,3,
817,CE1161-02,컴퓨터네트워크,이대원,"수23,목22",북,전공,3,
818,CE1034-01,멀티미디어시스템,임철수,"수23,24",북518,전공,3,
819,CE1091-01,컴퓨터비젼,김진헌,"수25,26",북520,전공,3,
820,CE1119-01,암호론,박태룡,"월22,23",북508,전공,3,
821,CE1123-01,확률및통계,김재현,"화25,26",북520,전공,3,
822,CE1132-01,정보시스템설계및구축,손용락,"화22,23",북,전공,3,
823,CE1145-01,웹서버프로그래밍,김재현,"월25,26",북520,전공,3,
824,CE1157-01,종합설계1,김재현,"화27,28",북501,전공,3,
825,CE1157-02,종합설계1,김진헌,"수21,22",북513,전공,3,
826,CE1157-03,종합설계1,김태영,"금23,24",북506,전공,3,
827,CE1157-04,종합설계1,박태룡,"목25,26",북503,전공,3,
828,CE1157-05,종합설계1,손용락,"월27,28",북502,전공,3,
829,CE1157-06,종합설계1,이광엽,"수21,22",북510,전공,3,
830,CE1157-07,종합설계1,이양선,"화27,28",북504,전공,3,
831,CE1999,졸업논문및시험,,,,전공,0,8월졸업예정자
832,CB1236-01,일반화학및실험1,한혜철,"금7,8,9,10",은2)607,전공,3,
833,CB1236-02,일반화학및실험1,홍성엽,"수7,8,9,10",은2)607,전공,3,
834,CB1238-01,일반생물학및실험1,조홍범,"금7,8,9,10",은2)608,전공,3,
835,CB1238-02,일반생물학및실험1,조홍범,"수7,8,9,10",은2)608,전공,3,
836,CB1103-01,유기화학및실험1,홍성엽,"목2,3,4,5",은2)607,전공,3,
837,CB1103-02,유기화학및실험1,홍성엽,"목7,8,9,10",은2)607,전공,3,
838,CB1105-01,분석화학및실험1,한혜철,"화2,3,4,5",은2)607,전공,3,
839,CB1105-02,분석화학및실험1,한혜철,"화7,8,9,10",은2)607,전공,3,
840,CB1107-01,생화학및실험1,김신덕,"화2,3,4,5",,전공,3,
841,CB1107-02,생화학및실험1,김신덕,"목2,3,4,5",,전공,3,
842,CB1109-01,분자생물학및실험1,이철호,"월7,8,9,10",,전공,3,
843,CB1109-02,분자생물학및실험1,이철호,"목7,8,9,10",,전공,3,
844,CB1240-01,열역학,,"수2,3,4,",은2)606,전공,3,
845,CB1017-01,화공양론,한혜철,"월23,24",은2)607,전공,3,
846,CB1205-01,유전체학,김신덕,"월21,22",,전공,3,
847,CB1207-01,생물화학공학1,김기은,화목21,,전공,3,
848,CB1208-01,환경공학1,이철민,화목22,,전공,3,
849,CB1209-01,배양공학및실험,김기은,"월7,8,9,10",은1)301,전공,3,
850,CB1209-02,배양공학및실험,김기은,"화7,8,9,10",은1)301,전공,3,
851,CB1242-01,무기재료공학,홍성엽,"수2,3,4",은2)607,전공,3,
852,CB1025-01,효소공학,김신덕,"금6,7,8",,전공,3,
853,CB1039-01,생물정보공학,이철호,화목23,,전공,3,
854,CB1119-01,유전공학및실험1,조홍범,"목7,8,9,10",,전공,3,
855,CB1121-01,기기분석및실험1,홍성엽,"월7,8,9,10",은2)607,전공,3,
856,CB1224-01,생물공정공학,김기은,화목22,,전공,3,
857,CB1999,졸업논문및시험,,,,전공,0,8월졸업예정자
858,NC5011-01,일반화학1,송민정,"수23,24",,전공,3,
859,NC5014-01,공학기초설계,송민정,"월5,6,7",은2)515,전공,3,
860,NC5015-01,공학기초설계실습,송민정,"월8,9",은2)515,전공,1,
861,NC5006-01,생명공학,박두현,"수21,22",은2)515,전공,3,
862,NC5017-01,응용열역학,김환건,화목25,은2)515,전공,3,
863,NC5021-01,재료역학및실험,송민정,"월21,22목1,2",,전공,4,
864,NC5021-02,재료역학및실험,송민정,"월21,22목3,4",,전공,4,
865,NC5022-01,기계요소설계,간태석,"수23,24",,전공,2,
866,NC5005-01,3D프로그램과활용,간태석,"목23,24",,전공,3,
867,NC5023-01,유기화학,김환건,화목22,,전공,3,
868,NC5024-01,나노재료와구조,김종훈,"화23,24",북712,전공,3,
869,NC5025-01,물리금속,김종훈,"월23,24",북712,전공,3,
870,NC5101-01,전자재료공학,김환건,"월25,26",,전공,3,
871,NC5102-01,나노프린팅의이해와응용,김환건,"수22,23",,전공,3,
872,NC5104-01,종합설계1,간태석,"수25,26",,전공,3,
873,NC5204-01,종합설계2,김환건,"수25,26",북712,전공,3,
874,NC5203-01,기기분석,김종훈,"월21,22",북712,전공,3,
875,NC1999,졸업및논문시험,,,,전공,0,8월졸업예정자
876,NC1003-01,General Physics II,크루티샤,"목21,22,23,24",,전공,4,
877,NC2007-01,Electromechanical Systems,크루티샤,"월21,22",,전공,3,
878,NC2021-01,Graphics in Engineering Design,김종훈,"수4,5,6월7",,전공,2,
879,GE7214-01,Differential Equations,안가경,"화7,8,9",,자선,3,
880,GE7221-01,History of the US to 1865,Desjarlais,"수25,26",,자선,3,
881,GE7242-01,Economics for Engineer & Scientist,Desjarlais,"수21,22",,자선,3,
882,NC2003-01,Materials & Energy Balance,크루티샤,"목25,26",,전공,3,
883,NC3602-01,Electronic Materials Science & Technology,김종훈,"화21,22",,전공,3,
884,GE7304-01,Foundations of Engineering,Desjarlais,"화23,24",,자선,3,
885,GE7306-01,Introductory Mechanics,크루티샤,"금23,24,25,26",,자선,4,
886,IE1001-01,산업공학입문,김재현,화목22,북,전공,3,
887,IE1012-01,선형계획법,김재현,화목21,북,전공,3,
888,IE1015-01,경제성공학,고현우,월목26,북,전공,3,
889,IE1135-01,중소기업ERP기초,김국,월금24,북719,전공,3,
890,IE0021-01,의사결정론,김재현,월수21,북,전공,3,
891,IE1072-01,물류설계실무,고현우,"화25,26",북719,전공,3,
892,IE1105-01,공업통계학이론및실습,김국,월수22,북718,전공,3,
893,IE1075-01,경영혁신개론,김국,"수23,24",북718,전공,3,
894,IE1151-01,캡스톤디자인,김재현,"금21,22",북,전공,3,
895,IE1151-02,캡스톤디자인,김국,"화25,26",북718,전공,3,
896,IE1151-03,캡스톤디자인,고현우,월목25,북718,전공,3,
897,IE1153-01,4차산업혁명과빅데이터분석,이상복,"월21,22",북719,전공,3,
898,IE1999,졸업논문및시험,,,,전공,0,8월졸업예정자
899,UR1002-01,도시제도1,이동화,"화6,7,8",은2)704,전공,3,
900,UR1002-02,도시제도1,이동화,"수6,7,8",은2)704,전공,3,
901,UR1102-01,도시계획의이해,이동화,화목22,은2)605,전공,3,
902,UR1014-01,도시조형연습,김인하,"월21,22",은2)701,전공,3,
903,UR1014-02,도시조형연습,이동화,"목6,7,8",은2)701,전공,3,
904,UR1016-01,토지이용계획,신근창,"수1,2,3",은2)703,전공,3,
905,UR1201-01,도시조사방법및실습,이승주,"화22,목21",은2)703,전공,3,
906,UR1501-01,측량정보공학1,김재명,"화6,7,8",은2)605,전공,3,
907,UR1501-02,측량정보공학1,김재명,"목6,7,8",은2)605,전공,3,
908,UR1031-01,도시설계,이승주,"화6,7,8,9",은2)702,전공,3,
909,UR1031-02,도시설계,신근창,"화6,7,8,9",은2)703,전공,3,
910,UR1036-01,지리정보체계1,김학열,"목6,7,8",은2)704,전공,3,
911,UR1036-02,지리정보체계1,김재명,"월6,7,8",은2)704,전공,3,
912,UR1303-01,도시경관분석,김인하,화목21,은2)702,전공,3,
913,UR1305-01,도시경제분석,모무기,화목22,은2)702,전공,3,
914,UR1504-01,지적실무,김재명,"수6,7,8",은2)703,전공,3,
915,UR1041-01,도시교통계획,모무기,월수22,은2)701,전공,3,
916,UR1053-01,국토및지역계획,김학열,화목21,은2)701,전공,3,
917,UR1057-01,도시종합설계,이승주,"월6,7,8",은2)701,전공,3,
918,UR1057-02,도시종합설계,김인하,"월6,7,8",은2)702,전공,3,
919,UR1057-03,도시종합설계,김학열,"월6,7,8",은2)703,전공,3,
920,UR1405-01,도시관리및경영,성중기,"목6,7,8",은2)606,전공,3,
921,UR1999,졸업작품및시험,,,,전공,0,8월졸업예정자
922,CV1080-01,건설공학개론,전진구,"목21,22",,전공,3,
923,CV1082-01,건설시스템제도,손준익,"화25,26",토목제도실,전공,3,
924,CV1082-02,건설시스템제도,손준익,"수25,26",토목제도실,전공,3,
925,CV1013-01,응용역학1,김지상,화목21,토목분석실,전공,3,
926,CV1023-01,수리학및실험1,안재현,화목22,,전공,3,
927,CV1098-01,건축법규,손준익,"목25,26",은2)604,전공,3,
928,CV1103-01,건축계획,손준익,"수21,22",은2)604,전공,3,
929,CV1045-01,철근콘크리트공학및실험1,김지상,화목22,토목분석실,전공,3,
930,CV1063-01,수문학,안재현,화목21,,전공,3,
931,CV1090-01,토목시공및관리,전진구,"화25,26",토목분석실,전공,3,
932,CV1061-01,PS콘크리트공학,김지상,"수21,22",토목분석실,전공,3,
933,CV1064-01,수자원공학,안재현,"월24,25",토목분석실,전공,3,
934,CV1999,졸업논문및시험,,,,전공,0,8월졸업예정자
935,DD0005-01,색채학,한정민,"목2,3,4",혜507,전공,3,
936,VD1109-01,스케치기법,배민호,"화2,3,4",혜507,전공,3,
937,VD1110-01,컴퓨터그래픽,남현우,"목2,3,4",혜617,전공,3,
938,CD1115-01,컴퓨터그래픽,유세희,"화2,3,4",혜615,전공,3,
939,VD1008-01,타이포그래피,김문기,"수6,7,8",혜617,전공,3,
940,VD1009-01,아이덴티티디자인,이재익,"월6,7,8",혜615,전공,3,
941,VD1042-01,그래픽디자인,배민호,"금6,7,8",혜615,전공,3,
942,VD1070-01,디지털포토그래피,서인숙,"목2,3,4",혜615,전공,3,
943,VD1070-02,디지털포토그래피,서인숙,"목6,7,8",혜615,전공,3,
944,VD1073-01,에디토리얼디자인1,백승돈,"월2,3,4",혜615,전공,3,
945,VD1073-02,에디토리얼디자인1,백승돈,"금6,7,8",혜617,전공,3,
946,VD1086-01,스토리텔링,남현우,"화6,7,8",혜614,전공,3,
947,CD1072-01,디지털포토그래피,서인숙,"화6,7,8",혜615,전공,3,
948,CD1075-01,서피스패턴디자인,박혜신,"화2,3,4",혜613,전공,3,
949,CD1079-01,프린팅스튜디오,윤수인,"목2,3,4",혜609,전공,3,
950,CD1079-02,프린팅스튜디오,윤수인,"목6,7,8",혜609,전공,3,
951,CD1080-01,디자인리서치및기획,김지인,"월6,7,8",혜617,전공,3,
952,CD1084-01,상품소재연구,하승아,"수6,7,8",혜612,전공,3,
953,CD1089-01,인테리어CAD1,이지연,"월2,3,4",혜618,전공,3,
954,DD0007-01,실내디자인,이지연,"월6,7,8",혜618,전공,3,
955,VD1044-01,3D모델링,남현우,"월2,3,4",혜617,전공,3,
956,VD1055-01,인터렉티브디자인,백승돈,"수6,7,8",혜614,전공,3,
957,VD1064-01,교과교육론,윤영란,"금23,24",,전공,3,교직이수자필수
958,VD1075-01,CM촬영및편집디자인,홍성대,"화2,3,4",혜614,전공,3,
959,VD1077-01,CM디자인기획실무,이재익,"화6,7,8",혜617,전공,3,
960,VD1082-01,SP디자인,김문기,"목7,8,9",혜617,전공,3,
961,CD1019-01,텍스타일CAD1,박혜신,"수6,7,8",혜618,전공,3,
962,CD1067-01,교과교육론,윤영란,"금23,24",,전공,3,교직이수자필수
963,CD1073-01,디자인매니지먼트,김지인,"수2,3,4",혜618,전공,3,
964,CD1077-01,디지털디자인스튜디오1,김주연,"화2,3,4",혜617,전공,3,
965,CD1086-01,리빙프로덕트디자인,윤수인,"월2,3,4",혜609,전공,3,
966,DD0004-01,시각디자인,서인숙,"수6,7,8",혜615,전공,3,
967,DD0006-01,디스플레이,김지인,"화2,3,4",혜609,전공,3,
968,VD1084-01,크리에이티브디자인프로젝트1,이재익,"수2,3,4",혜615,전공,3,
969,VD1999-01,졸업작품및시험,,,,전공,0,8월졸업예정자
970,CD1091-01,생활문화디자인프로젝트,박혜신,"화6,7,8",혜613,전공,3,
971,CD1999,졸업작품및시험,,,,전공,0,8월졸업예정자
972,MU1021-01,연주1,김희균,"목4,5,6",문L01,전공,3,
973,MU1021-02,연주1,조원경,"화4,5,6",문L01,전공,3,
974,MU1031-01,시창청음1,김민경,"수5,6",문501,전공,1,
975,MU1031-02,시창청음1,이지혜,"화3,4",문501,전공,1,
976,MU1035-01,화성1,오문주,"화9,10",문502,전공,2,
977,MU1053-01,부전공실기1,,금13,,전공,1,
978,MU1201-01,관현악1,류성규,"월8,9,10금8,9,10",문L01,전공,3,
979,MU1211-01,현악합주1,김홍준,"목3,4",문1009,전공,1,
980,MU1211-02,현악합주1,이동일,"목3,4",,전공,1,
981,MU1221-01,관악합주1,김낙구,"금4,5",문L01,전공,1,
982,MU1221-02,관악합주1,김낙구,"목9,10",문L01,전공,1,
983,MU1221-03,관악합주1,크리스토퍼김,"수9,10",문L01,전공,1,
984,MU1405-01,초견및반주법1,박정애,"월7,8",문1004,전공,2,
985,MU1505-01,피아노전공실기1,,수13,,전공,1,
986,MU1513-01,오케스트라레파토리1,,목13,,전공,1,
987,MU1521-01,관악전공실기1,,화13,,전공,1,
988,MU1529-01,현악전공실기1,,월13,,전공,1,
989,MU1023-01,연주3,김희균,"목4,5,6",문L01,전공,3,
990,MU1023-02,연주3,조원경,"화4,5,6",문L01,전공,3,
991,MU1033-01,시창청음3,이정민,"화8,9",문502,전공,1,
992,MU1033-02,시창청음3,심해빈,"화1,2",문501,전공,1,
993,MU1037-01,화성3,오문주,"목7,8",문501,전공,2,
994,MU1055-01,부전공실기3,,금13,,전공,1,
995,MU1203-01,관현악3,류성규,"월8,9,10금8,9,10",문L01,전공,3,
996,MU1213-01,현악합주3,김홍준,"목3,4",,전공,1,
997,MU1213-02,현악합주3,이동일,"목3,4",,전공,1,
998,MU1223-01,관악합주3,김낙구,"금4,5",문L01,전공,1,
999,MU1223-02,관악합주3,김낙구,"목9,10",문L01,전공,1,
1000,MU1223-03,관악합주3,크리스토퍼김,"수9,10",문L01,전공,1,
1001,MU1231-01,실내악1,,월14,,전공,1,
1002,MU1407-01,반주법1,김희균,"화9,10",문1004,전공,2,
1003,MU1411-01,피아노문헌1,조선주,"월5,6",문502,전공,2,
1004,MU1507-01,피아노전공실기3,,수13,,전공,1,
1005,MU1515-01,오케스트라레파토리3,,목13,,전공,1,
1006,MU1523-01,관악전공실기3,,화13,,전공,1,
1007,MU1531-01,현악전공실기3,,월13,,전공,1,
1008,MU1025-01,연주5,김희균,"목4,5,6",문L01,전공,3,
1009,MU1025-02,연주5,조원경,"화4,5,6",문L01,전공,3,
1010,MU1041-01,서양음악사1,오문주,"수3,4",문502,전공,2,
1011,MU1045-01,음악분석1,오문주,"화7,8",문501,전공,2,
1012,MU1057-01,부전공실기5,,금13,문1009,전공,1,
1013,MU1081-01,대위1,오문주,"수8,9",문501,전공,1,
1014,MU1091-01,건반화성1,김지영,"월2,3",문603,전공,1,
1015,MU1205-01,관현악5,류성규,"월8,9,10금8,9,10",문L01,전공,3,
1016,MU1215-01,현악합주5,김홍준,"목3,4",문1009,전공,1,
1017,MU1215-02,현악합주5,이동일,"목3,4",,전공,1,
1018,MU1225-01,관악합주5,김낙구,"금4,5",문L01,전공,1,
1019,MU1225-02,관악합주5,김낙구,"목9,10",문L01,전공,1,
1020,MU1225-03,관악합주5,크리스토퍼김,"수9,10",문L01,전공,1,
1021,MU1233-01,실내악3,,월14,,전공,1,
1022,MU1409-01,반주법3,김희균,"화9,10",문1004,전공,2,
1023,MU1472-01,편곡법 1,오문주,"월4,5",문501,전공,2,
1024,MU1503-01,음악메니지먼트 1,김관호,"목1,2",문603,전공,1,
1025,MU1509-01,피아노전공실기5,,수13,,전공,1,
1026,MU1517-01,오케스트라레파토리5,,목13,,전공,1,
1027,MU1525-01,관악전공실기5,,화13,,전공,1,
1028,MU1533-01,현악전공실기5,,월13,,전공,1,
1029,MU1027-01,연주7,김희균,"목4,5,6",문L01,전공,3,
1030,MU1027-02,연주7,조원경,"화4,5,6",문L01,전공,3,
1031,MU1043-01,서양음악사3,오문주,"월6,7",문501,전공,2,
1032,MU1061-01,지휘법1,김낙구,"목7,8",문501,전공,1,
1033,MU1073-01,음악치료1,김향숙,"수3,4",문501,전공,1,
1034,MU1084-01,음악교육론1,심형진,"목1,2",문502,전공,1,
1035,MU1207-01,관현악7,류성규,"월8,9,10금8,9,10",문L01,전공,3,
1036,MU1217-01,현악합주7,김홍준,"목3,4",문1009,전공,1,
1037,MU1217-02,현악합주7,이동일,"목3,4",,전공,1,
1038,MU1227-01,관악합주7,김낙구,"금4,5",문L01,전공,1,
1039,MU1227-02,관악합주7,김낙구,"목9,10",문L01,전공,1,
1040,MU1227-03,관악합주7,크리스토퍼김,"수9,10",문L01,전공,1,
1041,MU1235-01,실내악5,,월14,,전공,1,
1042,MU1421-01,피아노앙상블1,김희균,"목9,10",문1004,전공,2,
1043,MU1431-01,피아노교수법1,조선주,"월3,4",문502,전공,1,
1044,MU1511-01,피아노전공실기7,,수13,,전공,1,
1045,MU1519-01,오케스트라레파토리7,,목13,,전공,1,
1046,MU1527-01,관악전공실기7,,화13,,전공,1,
1047,MU1535-01,현악전공실기7,,월13,,전공,1,
1048,MU2003-01,School Orchestra 교육실습 1,조원경,"수5,6",,전공,1,
1049,MU1999,졸업연주,,,,전공,0,8월졸업예정자
1050,CM0001-01,전공실기1,,월14,,전공,1,
1051,CM0011-01,화성학1,이동욱,"수9,10",대302,전공,2,
1052,CM0015-01,시창청음1,이동욱,"월2,3",대601,전공,2,
1053,CM0017-01,컴퓨터음악1,박경훈,"목6,7,8",대702,전공,3,
1054,CM0021-01,앙상블1,장종집,"월6,7,8",대607,전공,3,
1055,CM0025-01,클래스피아노1,송성경,"화6,7",대309,전공,2,
1056,CM0025-02,클래스피아노1,송성경,"화8,9",대309,전공,2,
1057,CM0029-01,퍼포먼스포럼1,박경훈/장웅상,"수21,22",대607,전공,3,
1058,CM0003-01,전공실기3,,월14,,전공,1,
1059,CM0010-01,가창연구,박경훈,"화2,3,4",대509,전공,3,
1060,CM0013-01,화성학3,이동욱,"화6,7",대302,전공,2,
1061,CM0023-01,앙상블3,송성경,"목6,7,8",대607,전공,3,
1062,CM0030-01,퍼포먼스포럼2,장종집,"수1,2,3",대307,전공,3,
1063,CM0035-01,뮤직프로덕션1,박경훈,"목2,3,4",본8층,전공,3,
1064,CM0037-01,작편곡법,김형규,"금4,5",대702,전공,2,
1065,CM0042-01,기악앙상블1,이동욱,"월6,7,8",대509,전공,3,
1066,CM0005-01,전공실기5,,월14,,전공,1,
1067,CM0039-01,스튜디오테크닉1,이영기,"수6,7,8",본8층,전공,3,
1068,CM0045-01,고급앙상블1,이동욱,"목6,7,8",대509,전공,3,
1069,CM0049-01,송라이팅1,강화성,"화8,9",대307,전공,2,
1070,CM0054-01,전공세미나1,장웅상,"월2,3,4",대607,전공,3,
1071,CM0075-01,보컬전공LAB1,박경훈,"화6,7",대601,전공,2,
1072,CM0076-01,기악전공LAB1,장종집,"화6,7",대607,전공,2,
1073,CM0007-01,전공실기7,,월14,,전공,1,
1074,CM0060-01,대중음악사,장종집,"월3,4",대302,전공,2,
1075,CM0061-01,레코딩프로젝트1,장웅상,"화3,4,5,6",본8층,전공,4,
1076,CM0069-01,전공세미나3,장웅상,"월5,6,7",대601,전공,3,
1077,CM1999,졸업공연및시험,,,,전공,0,
1078,MT0001-01,뮤지컬워크숍1,권혁준,"월6,7",은1)502,전공,2,
1079,MT0007-01,Chorus1,이나영,"금4,5",은1)601,전공,2,
1080,MT0015-01,Acting1,김삼일,"목8,9",은1)502,전공,1,
1081,MT0023-01,Vocie Lab1,,목13,,전공,1,
1082,MT0035-01,Showcase1,소광웅,"월3,4,5",은1)502,전공,3,
1083,MT0057-01,음악기초이론1,황태율,"화5,6,7",,전공,3,
1084,MT0003-01,뮤지컬워크숍3,장영수,"월7,8",은1)606,전공,2,
1085,MT0009-01,Chorus3,장영수,"금6,7",은1)502,전공,2,
1086,MT0017-01,Acting3,김삼일,"화4,5",은1)606,전공,2,
1087,MT0025-01,Voice Lab3,,목13,,전공,1,
1088,MT0033-01,발레3,이세미,"수8,9",은1)606,전공,1,
1089,MT0037-01,Showcase3,이종석,"화8,9,10",은1)601,전공,3,
1090,MT0043-01,Rhythm Technic1,김삼일,"화6,7",은1)606,전공,1,
1091,MT0045-01,Musical Expression1,이나영,"월9,10",은1)606,전공,1,
1092,MT0061-01,시창청음3,장영수,"월5,6",은1)606,전공,1,
1093,MT0063-01,클래스피아노1,김경미,금5,대310,전공,1,
1094,MT0005-01,뮤지컬워크숍5,이나영,"월5,6",은1)601,전공,2,
1095,MT0011-01,Chorus5,이나영,"금6,7",은1)601,전공,2,
1096,MT0019-01,Acting5,김형은,"금4,5",은1)606,전공,2,
1097,MT0027-01,Vocie Lab5,,목13,,전공,1,
1098,MT0039-01,Showcase5,김경미,"월7,8,9",은1)601,전공,3,
1099,MT0049-01,오디션테크닉1,이종석,"화4,5",은1)601,전공,2,
1100,MT0051-01,뮤지컬댄스1,박준희,수3,은1)606,전공,1,
1101,MT0071-01,재즈댄스1,박준희,"수4,5",은1)606,전공,1,
1102,MT0013-01,Chorus7,이나영,"금8,9",은1)601,전공,2,
1103,MT0021-01,Acting7,김형은,"금6,7",은1)606,전공,2,
1104,MT0029-01,Vocie Lab7,,목13,,전공,1,
1105,MT0041-01,Showcase7,이종석,"월7,8,9",은1)607,전공,3,
1106,MT0053-01,뮤지컬댄스3,박준희,수6,은1)502,전공,1,
1107,MT0067-01,공연1,이종석,"월5,6",은1)607,전공,2,
1108,MT1999,졸업공연,,,,전공,0,
1109,TD1341-01,영화개론,장민용,"화2,3,4",혜714,전공,3,
1110,TD1403-01,디지털이미지의이해,홍성대,"목2,3,4",혜716,전공,3,
1111,TD1404-01,스토리텔링의이해,김의준,"월6,7,8",혜714,전공,3,
1112,TD1257-01,기록영화실습,전준혁,"목2,3,4",혜714,전공,3,
1113,TD1303-01,디지털영화제작기초,전준혁,"월1,2,3,4",혜716,전공,3,
1114,TD1303-02,디지털영화제작기초,전준혁,"월5,6,7,8",혜716,전공,3,
1115,TD1311-01,디지털편집실제,전준혁,"화1,2,3,4",혜716,전공,3,
1116,TD1330-01,사운드디자인기초,이승택,"목6,7,8",혜716,전공,3,
1117,TD1334-01,영화연기연출,주지희,"화6,7,8",혜712,전공,3,
1118,TD1400-01,영상디자인,홍성대,"수6,7,8",혜716,전공,3,
1119,TD1315-01,현대시각예술,정재호,"수6,7,8",혜714,전공,3,
1120,TD1329-01,영화시각효과,홍성대,"수2,3,4",혜716,전공,3,
1121,TD1336-01,교과교육론,신정범,"화2,3,4",혜714,전공,3,교직이수자필수
1122,TD1342-01,영화분석과비평,김의준,"화6,7,8",혜714,전공,3,
1123,TD1343-01,영화제작실습1,장민용,"월2,3,4,5",혜715,전공,3,
1124,TD1343-02,영화제작실습1,장민용,"월6,7,8,9",혜715,전공,3,
1125,TD1401-01,관찰과상상,전준혁,"목6,7,8",혜714,전공,3,
1126,TD1318-01,영화독립과제1,신정범,"목2,3,4",혜712,전공,3,
1127,TD1345-01,영화제작실습3,신정범,"월1,2,3,4",혜715,전공,3,
1128,TD1345-02,영화제작실습3,신정범,"금1,2,3,4",혜715,전공,3,
1129,TD1347-01,연극영화교육론,장민용,"수2,3,4",혜712,전공,3,
1130,TD1402-01,영상테크놀로지1,홍성대,"목6,7,8",혜716,전공,3,
1131,TD1999,졸업영화및시험,,,,전공,0,8월졸업예정자
1132,TF1022-01,기초연기,백경희,"목6,7,8",,전공,3,
1133,TF1056-01,재즈무용,장햇님,"수3,4,5",,전공,3,
1134,TF1111-01,장면연구실습1,김용준,"화6,7,8",,전공,3,
1135,TF1124-01,연극개론,장지연,"월2,3,4",,전공,3,
1136,TT1001-01,세계연극사,임선희,"월3,4,5",,전공,3,
1137,TT1003-01,희곡분석,최창수,"수4,5,6",,전공,3,
1138,TT1007-01,공연분석,김명남,"월6,7,8",,전공,3,
1139,TT1011-01,극장일반상식,김만식,"목5,6,7",,전공,3,
1140,MA1021-01,워킹기초,강신,"수2,3,4",유 702,전공,3,
1141,MA1031-01,기초연기1,,"월7,8,9",,전공,3,
1142,MA1051-01,이미지메이킹1,주정은,"목6,7,8",,전공,3,
1143,MA1125-01,모델학개론,김태연,"화6,7,8",,전공,3,
1144,TH1001-01,패션디자인론,박은정,"월6,7,8",,전공,3,
1145,TH1002-01,의복구성1,노은영,"화6,7,8",,전공,3,
1146,TH1033-01,대본및캐릭터분석,김국희,"수2,3,4",,전공,3,
1147,TH1036-01,한국의상구성1,조정현,"목6,7,8",,전공,3,
1148,DP1002-01,연극개론,장지연,"월2,3,4",,전공,3,
1149,DP1006-01,희곡개론,최창수,"수4,5,6",,전공,3,
1150,DP1008-01,기초연기,,"월7,8,9",,전공,3,
1151,DP1011-01,극장 일반상식,김만식,"목5,6,7",,전공,3,
1152,TF1023-01,연기실습1,,"금6,7,8",,전공,3,
1153,TF1115-01,즉흥연기1,최보희,"목3,4,5",,전공,3,
1154,TF1121-01,희곡강독1,장지연,"수7,8,9",,전공,3,
1155,TF1142-01,무대동작1,백경희,"화7,8,9",,전공,3,
1156,TF1153-01,연극제작1,최창수,"목6,7,8",,전공,3,
1157,TF1171-01,보컬트레이닝1,최성윤,"화3,4,5",,전공,3,
1158,TT1006-01,공간스케치,김만식,"수7,8,9",,전공,3,
1159,TT1014-01,컴퓨터응용디자인1,이소영,"목4,5,6",,전공,3,
1160,TT1020-01,무대조명기초,김명남,"금5,6,7",,전공,3,
1161,TT1040-01,무대음향기초,최성주,"월4,5,6",,전공,3,
1162,TT1055-01,무대작화1,이소영,"목7,8,9",,전공,3,
1163,MA1023-01,퍼포먼스워킹,주정은,"월2,3,4",유 702,전공,3,
1164,MA1033-01,중급연기1,주지희,"수7,8,9",은1)501,전공,3,
1165,MA1056-01,포토포즈,강신,"금6,7,8",유 702,전공,3,
1166,MA1178-01,움직임1,김기만,"월7,8,9",은1)501,전공,3,
1167,MA1192-01,Model Body Fit 1,류일서,"화7,8,9",,전공,3,
1168,TH1003-01,의복과색채,노은영,"목2,3,4",,전공,3,
1169,TH1007-01,Costume 드로잉1,조영아,"화6,7,8",,전공,3,
1170,TH1008-01,무대의상드레이핑1,조정현,"금4,5,6",,전공,3,
1171,TH1037-01,창작디자인실습,노은영,"월6,7,8,9",,전공,3,
1172,TH1064-01,패션디자인실습1,박은정,"목6,7,8",,전공,3,
1173,TF1025-01,연기실습3,주지희,"금6,7,8",,전공,3,
1174,TF1140-01,한국무용,백경희,"수6,7,8",,전공,3,
1175,TF1146-01,교과교육론,장지연,"화7,8,9",,전공,3,교직이수자필수
1176,TF1154-01,연극제작2,주지희,"화3,4,5",,전공,3,
1177,TF1155-01,연극제작3,권미소,"수3,4,5",,전공,3,
1178,TF1173-01,보컬트레이닝3,최성윤,"목3,4,5",,전공,3,
1179,TT1017-01,무대감독,김동혁,"목4,5,6",,전공,3,
1180,TT1021-01,조명디자인1,김명남,"화4,5,6",,전공,3,
1181,TT1041-01,음향디자인1,최찬규,"금7,8,9",,전공,3,
1182,TT1053-01,무대디자인1,송기혜,"월6,7,8",,전공,3,
1183,TT1091-01,공연제작실습1,김만식,"월3,4,5",,전공,3,
1184,TT1096-01,통합공연예술프로젝트2,김명남,"화7,8,9",,전공,3,
1185,MA1035-01,고급연기1,김영환,"목6,7,8",,전공,3,
1186,MA1093-01,기초댄스1,손원미,"목2,3,4",은1)501,전공,3,
1187,MA1102-01,뷰티메이크업,김태연,"금6,7,8",유 703,전공,3,
1188,MA1162-01,통합공연예술프로젝트2,강신,"화2,3,4",은1)203,전공,3,
1189,MA1174-01,카메라연기1,최성호,"수6,7,8",,전공,3,
1190,TH1014-01,Costume 드로잉2,조영아,"화2,3,4",,전공,3,
1191,TH1020-01,Costume 디자인2,김국희,"목6,7,8,9",,전공,3,
1192,TH1023-01,무대의상제작실습1,박은정,"화6,7,8,9",,전공,3,
1193,TH1027-01,방송영화의상1,조영아,"금5,6,7,8",,전공,3,
1194,TH1088-01,통합공연예술프로젝트2,노은영,"수6,7,8",,전공,3,
1195,TF1075-01,현장실습,김용준,"금4,5,6",,전공,3,
1196,TF1138-01,극작,,"월3,4,5",,전공,3,
1197,TF1144-01,카메라연기실습1,김용준,"수2,3,4",,전공,3,
1198,TF1149-01,오디션,오훈식,"화3,4,5",,전공,3,
1199,TF1156-01,연극제작4,,"수6,7,8",,전공,3,
1200,TF1999,졸업공연및시험,,,,전공,0,8월졸업예정자
1201,TT1005-01,극장경영,손민지,"월4,5,6",,전공,3,
1202,TT1023-01,조명디자인3,김준범,"수4,5,6",,전공,3,
1203,TT1043-01,음향디자인3,최찬규,"금4,5,6",,전공,3,
1204,TT1051-01,무대장치제작1,김만식,"화5,6,7",,전공,3,
1205,TT1093-01,공연제작실습3,김만식,"월7,8,9",,전공,3,
1206,TT1098-01,통합공연예술프로젝트4,김명남,"수7,8,9",,전공,3,
1207,TT1999,졸업작품및시험,,,,전공,0,8월졸업예정자
1208,MA1054-01,카메라스튜디오,전힘찬,"수7,8,9",유 702,전공,3,
1209,MA1164-01,통합공연예술프로젝트4,강신,"화7,8,9",은1)203,전공,3,
1210,MA1172-01,장면연기,김영환,"수2,3,4",,전공,3,
1211,MA1176-01,심화연기1,주지희,"목2,3,4",,전공,3,
1212,MA1999,졸업작품및시험,,,,전공,0,8월졸업예정자
1213,TH1022-01,Costume 디자인4,조영아,"수2,3,4,5",,전공,3,
1214,TH1025-01,무대의상제작실습3,김국희,"월6,7,8,9",,전공,3,
1215,TH1029-01,방송영화의상3,김국희,"화6,7,8,9",,전공,3,
1216,TH1038-01,공연기획및연출,노은영,"목6,7,8",,전공,3,
1217,TH1090-01,통합공연예술프로젝트4,조정현,"목2,3,4",,전공,3,
1218,TH1999,졸업작품 및 시험,,,,전공,0,8월졸업예정자
1219,DA1001-01,무용의이해,손원미,"화3,4",문601,전공,2,
1220,DA1021-01,한국무용1,장영,"화5,6",,전공,2,
1221,DA1104-01,한국무용전공실기3,전순희,"수2,3,4",,전공,3,
1222,DA1125-01,방송댄스,김은진,"목4,5",,전공,2,
1223,DA1003-01,한국무용사,양유나,"목5,6,7",문601,전공,3,
1224,DA1023-01,한국무용3,김미정,"화4,5",은404,전공,2,
1225,DA1057-01,한국민속무용1,윤슬기,"수2,3",은404,전공,2,
1226,DA1077-01,한국전통연희1,이슬아,"목2,3",청)타악실,전공,2,
1227,DA1106-01,한국무용전공실기1,전순희,"수6,7,8",은 S2,전공,2,
1228,DA1112-01,요가테스,이지혜,"화2,3",은404,전공,3,
1229,DA1123-01,레크댄스1,염계화,"금4,5",은 S2,전공,2,
1230,DA1008-01,무용공연기획및제작,천옥수,"수2,3",문601,전공,2,
1231,DA1025-01,한국무용5,전순희,"화2,3,4",은 S2,전공,3,
1232,DA1064-01,한국무용워크샵1,신성철,"화5,6,7",은 S2,전공,3,
1233,DA1087-01,무용즉흥1,장효진,"월2,3,4",은 S2,전공,3,
1234,DA1092-01,20세기무용사1,염계화,"목2,3,4",문601,전공,3,
1235,DA1118-01,줌바댄스,염계화,"목6,5",은404,전공,2,
1236,DA1027-01,한국무용7,구자은,"수5,6,7",은404,전공,3,
1237,DA1082-01,안무법2,전순희,"목2,3,4",은 S2,전공,3,
1238,DA1095-01,무용교수법,염계화,"화5,6,7",문601,전공,3,
1239,DA1102-01,무용지도자워크샵1,홍지현,"수2,3,4",청)타악실,전공,3,
1240,DA1999,졸업작품및시험,,,,전공,0,8월졸업예정자
1241,GE1807-49,World Wide English 1,베리,"화1,2,3",유1018,교필,2,
1242,GE1807-50,World Wide English 1,알란번,"화1,2,3",유1019,교필,2,
1243,GE1807-51,World Wide English 1,피터,"화1,2,3",유1020,교필,2,
1244,GE1807-52,World Wide English 1,리사,"화1,2,3",유1023,교필,2,
1245,EH1233-01,메이크업,신세영,"화4,5,6",유(메이크업1),전공,3,
1246,EH1233-02,메이크업,주영주,"목7,8,9",유(메이크업3),전공,3,
1247,EH1501-01,Beauty Illustration,김선미,"목7,8,9",,전공,2,
1248,EH1501-02,Beauty Illustration,배찬우,"화4,5,6",,전공,2,
1249,HM0007-01,헤어미용,김유정,"목1,2,3,4",유(헤어1),전공,3,
1250,HM0007-02,헤어미용,김성남,"목1,2,3,4",유(헤어2),전공,3,
1251,HM0008-01,자기개발및고객관리,허선영,"화7,8,9",유(세미나실),전공,2,
1252,HM0031-01,Basic Hair Cutting,권기형,"수6,7,8,9",유(헤어1),전공,2,
1253,HM0031-02,Basic Hair Cutting,이순희,"수6,7,8,9",유(헤어2),전공,2,
1254,HM0032-01,Basic Hair Perming,진용미,"월6,7,8,9",유(헤어1),전공,2,
1255,HM0032-02,Basic Hair Perming,양은진,"월6,7,8,9",유(헤어2),전공,2,
1256,GE1805-61,커뮤니케이션영어1,아론,"화6,7",유1018,교필,1,
1257,GE1805-62,커뮤니케이션영어1,알란번,"화6,7",유1019,교필,1,
1258,GE1805-63,커뮤니케이션영어1,크리스틴,"화6,7",유1020,교필,1,
1259,GE1805-64,커뮤니케이션영어1,리사,"화6,7",유1023,교필,1,
1260,EH1234-01,공중보건학,허선영,"화1,2,3",유(헤어2),전공,3,
1261,EH1517-01,Stage Makeup,임유경,"월7,8,9",유(메이크업2),전공,2,
1262,EH1517-02,Stage Makeup,채송화,"목1,2,3",유(메이크업2),전공,2,
1263,EH2046-01,Makeup Trend Seminar,주영주,"목1,2,3",유(메이크업3),전공,2,
1264,EH2046-02,Makeup Trend Seminar,주영주,"월7,8,9",유(메이크업3),전공,2,
1265,HM0013-01,Advanced Hair Styling,진용미,"목6,7,8,9",유(헤어1),전공,3,
1266,HM0013-02,Advanced Hair Styling,양은진,"목6,7,8,9",유(헤어2),전공,3,
1267,HM0021-01,피봇포인트헤어디자인1,김선혜,"수7,8,9",유(헤어3),전공,2,
1268,HM0036-01,Advanced Hair Cutting,최철호,"화1,2,3,4",유(헤어1),전공,3,
1269,HM0036-02,Advanced Hair Cutting,진용미,"월2,3,4,5",유(헤어2),전공,3,
1270,HM0037-01,Advanced Hair Perming,이민선,"월2,3,4,5",유(헤어1),전공,2,
1271,HM0037-02,Advanced Hair Perming,이순희,"수2,3,4,5",유(헤어2),전공,2,
1272,EH1237-01,전공실무1,채송화,"목10,11",유(메이크업3),전공,1,
1273,EH1237-02,전공실무1,김유정,"목10,11",유(헤어3),전공,1,
1274,EH1533-30,Introduction of Essential Oils,류지영,"수6,7,8",유1406,전공,3,
1275,EH1534-01,Art Make-up,김선미,"월7,8,9",유(메이크업1),전공,3,
1276,EH1562-01,Media Make-up,임유경,"화1,2,3",유(메이크업2),전공,3,
1277,EH2010-01,교과교육론,남미우,"목7,8,9",유505,전공,3,
1278,EH2049-01,Color Diagnostic and Image Making,이경숙,"화7,8,9",,전공,3,교직이수자필수
1279,EH3041-32,Art Make-up,김구옥,"금7,8,9",유(메이크업1),전공,3,
1280,EH3054-32,Color Diagnostics & Image Making,최민령,"금1,2,3",유505,전공,3,
1281,HM0018-01,토니앤가이퓨쳐클래식 1,김영한,"수1,2,3",유(헤어3),전공,3,
1282,HM0026-01,Creative Hair Perming,이은표,"화4,5,6",유(헤어2),전공,3,
1283,HM0026-02,Creative Hair Perming,이효숙,"화4,5,6",유(헤어3),전공,3,
1284,HM0041-01,Creative Hair Cutting,김옥준,"수4,5,6",,전공,3,
1285,HM0041-02,Creative Hair Cutting,진용미,"수4,5,6",유(헤어3),전공,3,
1286,HM0042-01,Advanced Barbering,양은진,"월3,4,5",유(헤어2),전공,3,
1287,HM0042-02,Advanced Barbering,김현지,"월3,4,5",,전공,3,
1288,HM3012-30,Creative Hair Cutting,김우빈,"화1,2,3",유(헤어3),전공,3,
1289,HM3013-30,Creative Hair Perming,임지현,"화6,7,8",유(헤어1),전공,3,
1290,BM0017-01,Aromatherapy,김은숙,"목7,8,9",,전공,3,
1291,GE1807-53,World Wide English 1,아론,"목2,3,4",유1018,교필,2,
1292,GE1807-54,World Wide English 1,피터,"목2,3,4",유1019,교필,2,
1293,EH1233-03,메이크업,신세영,"목2,3,4",유(메이크업3),전공,3,
1294,EH1234-02,공중보건학,김은숙,"화2,3,4",,전공,3,
1295,EH1501-03,Beauty Illustration,배찬우,"화7,8,9",유(메이크업1),전공,2,
1296,EH2033-01,Facial Treatment1,김은숙,"월6,7,8,9",유(피부3),전공,2,
1297,EH2068-01,Facial Treatment2,김지영,"금6,7,8,9",유(피부3),전공,2,
1298,BM0026-01,Skin Analysis,김주연,"목6,7,8,9",유(피부3),전공,2,
1299,GE1805-48,커뮤니케이션영어1,아론,"월5,6",유1019,교필,1,
1300,GE1805-49,커뮤니케이션영어1,크리스틴,"월5,6",유1020,교필,1,
1301,EH1517-03,Stage Make-up,채송화,"목7,8,9",유(메이크업2),전공,2,
1302,EH2046-03,Make-up Trends Seminar,주영주,"화7,8,9",유(메이크업3),전공,2,
1303,BM0004-01,Advanced Facial Treatment,김지영,"화2,3,4",유(피부3),전공,3,
1304,BM0009-01,Advanced Body Treatment,김은숙,"월1,2,3,4",유(피부3),전공,3,
1305,BM3029-01,Basic Body Treatment2,김은숙,"목2,3,4,5",유(피부3),전공,3,
1306,EH1237-03,전공실무1,채송화,"목10,11",유(메이크업3),전공,1,
1307,EH1237-04,전공실무1,김유정,"목10,11",유(헤어3),전공,1,
1308,EH1534-02,Art Make-up,주영주,"목4,5,6",유(메이크업3),전공,3,
1309,EH2010-02,교과교육론,남미우,"목7,8,9",유505,전공,3,
1310,EH2049-02,Color Diagnostic and Image Making,이경숙,"화4,5,6",유(메이크업2),전공,3,
1311,BM0017-02,Aromatherapy,이인희,"수4,5,6",유(스킨3),전공,3,
1312,BM0018-01,Spa Therapy,이인희,"수7,8,9",유(스킨3),전공,3,
1313,BM0030-01,Beauty Brand & Store Management,남미우,"화1,2,3",유505,전공,3,
1314,GE5224-01,Intensive English Course 5,에이미,"월4,5,6",유1018,자선,2,
1315,EH1549-01,Beauty Marketing1,남미우,"화4,5,6",유505,전공,3,
1316,EH1550-01,Training of Beauty Salon Work1,권기형,"월7,8,9",유(헤어3),전공,3,
1317,EH1550-02,Training of Beauty Salon Work1,신세영,"화7,8,9",유(메이크업2),전공,3,
1318,EH1550-03,Training of Beauty Salon Work1,이인희,"화7,8,9",유(스킨3),전공,3,
1319,EH1551-01,Preparation for Final Work,김성남,"수6,7,8",,전공,3,
1320,EH1551-02,Preparation for Final Work,김옥준,"수1,2,3",유505,전공,3,
1321,EH1563-01,Capstone design1,김주연,"수10,11,12",유505,전공,3,
1322,HM0046-01,Basic Hair Styling,양은진,"수2,3,4",유(헤어1),전공,2,
1323,BM0023-01,Preparation for Final Project,김주연,"수6,7,8",유505,전공,3,
1324,EH1999,졸업작품및시험,,,,전공,0,
1325,EH3015-33,Beauty Illustration,이기명,"월1,2,3",유(메이크업2),전공,2,
1326,EH3036-33,Basic Make-up,장소쌍,"월4,5,6",유(메이크업2),전공,3,
1327,HM3001-30,Basic Hair Styling,강금이,"목6,7,8,9",유(헤어3),전공,3,
1328,HM3002-30,Basic Hair Cutting,박은준,"수6,7,8,9",유 H13,전공,3,
1329,HM3003-30,Basic Hair Perming,김우빈,"수2,3,4,5",유(헤어5),전공,3,
1330,EH3037-33,Basic Nail Technique,신은영,"금7,8,9",유(메이크업2),전공,2,
1331,EH3038-33,Advanced Make-up,진동희,"목0,5,6",유(메이크업2),전공,3,
1332,HM3004-30,Basic Barbering,박명희,"화4,5,6",,전공,3,
1333,HM3005-30,Basic Hair Coloring,박은준,"금2,3,4,5",유(헤어2),전공,3,
1334,HM3006-30,Hair Science,임지현,"목8,9",유1408,전공,2,
1335,EH3049-33,Make-up Trend Seminar,최민령,"수4,5,6",유(메이크업4),전공,3,
1336,EH3050-33,Stage Make-up,석현정,"수7,8,9",유(메이크업1),전공,3,
1337,HM3007-30,Advanced Hair Styling,임지현,"금7,8,9",유(헤어4),전공,2,
1338,HM3008-30,Advanced Hair Cutting,김경희,"목6,7,8,9",유 H13,전공,3,
1339,HM3009-30,Advanced Hair Perming,차경희,"금2,3,4,5",유(헤어3),전공,3,
1340,EH3039-32,Advanced Nail Technique,안태영,"금1,2,3",유(메이크업1),전공,2,
1341,EH3052-32,Media Make-up,후어타오,"수7,8,9",유(메이크업2),전공,3,
1342,EH3053-32,Cosmetic Science,박정은,"수4,5,6",유1408,전공,3,
1343,HM3010-30,Advanced Barbering,김우빈,"목4,5,6",유(헤어4),전공,3,
1344,HM3011-30,Advanced Hair Coloring,박은준,"금6,7,8,9",유(헤어3),전공,3,
1345,EH3051-32,Public Health & Safety,임윤경,"수3,4",유1406,전공,2,
1346,EH3015-30,Beauty Illustration,지연,"금1,2,3",유(메이크업5),전공,2,
1347,EH3015-31,Beauty Illustration,이기명,"금4,5,6",유(메이크업1),전공,2,
1348,EH3036-30,Basic Make-up,최민령,"월1,2,3",유(메이크업1),전공,3,
1349,EH3036-31,Basic Make-up,최민령,"수1,2,3",유(메이크업1),전공,3,
1350,BM3001-30,Basic Facial Treatment,이지안,"화6,7,8,9",유(스킨1),전공,3,
1351,BM3001-31,Basic Facial Treatment,이지안,"수6,7,8,9",유(스킨1),전공,3,
1352,BM3002-30,Basic Body Treatment,조준희,"월6,7,8,9",유(스킨1),전공,3,
1353,BM3002-31,Basic Body Treatment,,"목6,7,8,9",유(스킨1),전공,3,
1354,BM3003-30,Anatomy & Physiology,이정민,"금1,2,3",유1408,전공,3,
1355,BM3003-31,Anatomy & Physiology,이정민,"금4,5,6",유1408,전공,3,
1356,EH3037-30,Basic Nail Technique,신은영,"수1,2,3",유(메이크업2),전공,2,
1357,EH3037-31,Basic Nail Technique,신은영,"수4,5,6",유(메이크업2),전공,2,
1358,EH3037-32,Basic Nail Technique,안태영,"목7,8,9",유(메이크업1),전공,2,
1359,EH3038-30,Advanced Make-up,지연,"수4,5,6",유(메이크업1),전공,3,
1360,EH3038-31,Advanced Make-up,지연,"수1,2,3",유(메이크업3),전공,3,
1361,EH3038-32,Advanced Make-up,진동희,"목7,8,9",유(메이크업1),전공,3,
1362,BM3004-30,Advanced Facial Treatment,이지안,"월2,3,4,5",유(스킨1),전공,3,
1363,BM3004-31,Advanced Facial Treatment,왕청,"금2,3,4,5",유(스킨3),전공,3,
1364,BM3004-32,Advanced Facial Treatment,이지안,"월6,7,8,9",유(스킨2),전공,3,
1365,BM3006-30,Dermatology,정다정,"화7,8,9",유1407,전공,3,
1366,BM3006-31,Dermatology,정다정,"화4,5,6",유1407,전공,3,
1367,BM3024-30,Epilation & Special Eye Care,,"월6,7,8,9",유1207,전공,3,
1368,BM3024-31,Epilation & Special Eye Care,,"금6,7,8,9",유1207,전공,3,
1369,BM3024-32,Epilation & Special Eye Care,,"월2,3,4,5",유1207,전공,3,
1370,EH3049-30,Make-up Trend Seminar,장병초,"금1,2,3",유(메이크업3),전공,3,
1371,EH3049-31,Make-up Trend Seminar,노보경,"금1,2,3",유(메이크업2),전공,3,
1372,EH3049-32,Make-up Trend Seminar,노보경,"금4,5,6",유(메이크업2),전공,3,
1373,EH3050-30,Stage Make-up,정혜영,"화4,5,6",유(메이크업5),전공,3,
1374,EH3050-31,Stage Make-up,서귀예라,"금4,5,6",유(메이크업3),전공,3,
1375,EH3050-32,Stage Make-up,임희경,"화7,8,9",유(메이크업5),전공,3,
1376,EH3051-30,Public Health & Safety,김은숙,"목4,5",유1408,전공,2,
1377,EH3051-31,Public Health & Safety,김은숙,"목6,7",유1408,전공,2,
1378,BM3007-30,Electrical Facial Treatment,임상란,"월2,3,4,5",유(스킨2),전공,3,
1379,BM3007-31,Electrical Facial Treatment,임상란,"수6,7,8,9",유(스킨2),전공,3,
1380,BM3007-32,Electrical Facial Treatment,임상란,"수2,3,4,5",유(스킨2),전공,3,
1381,BM3007-33,Electrical Facial Treatment,최숙경,"목6,7,8,9",유(스킨2),전공,3,
1382,BM3008-30,Advanced Body Treatment,박규리,"월6,7,8,9",유601,전공,3,
1383,BM3008-31,Advanced Body Treatment,박규리,"수2,3,4,5",유601,전공,3,
1384,BM3008-32,Advanced Body Treatment,박규리,"수6,7,8,9",유601,전공,3,
1385,EH3039-30,Advanced Nail Technique,유숙희,"수1,2,3",,전공,2,
1386,EH3039-31,Advanced Nail Technique,유숙희,"수4,5,6",,전공,2,
1387,EH3052-30,Media Make-up,임희경,"수4,5,6",유(메이크업5),전공,3,
1388,EH3052-31,Media Make-up,임희경,"수1,2,3",유(메이크업5),전공,3,
1389,EH3053-30,Cosmetic Science,이정민,"화4,5,6",유1406,전공,3,
1390,EH3053-31,Cosmetic Science,이정민,"목4,5,6",유1407,전공,3,
1391,BM3009-30,Electrical Body Treatment,복미경,"금6,7,8",유(스킨2),전공,3,
1392,BM3009-31,Electrical Body Treatment,복미경,"금2,3,4",유(스킨2),전공,3,
1393,BM3010-30,Foot Reflexology,김현주,"금2,3,4",유601,전공,3,
1394,BM3010-31,Foot Reflexology,김현주,"금6,7,8",유601,전공,3,
1395,EH2023-30,Basic Styling Hair,민인숙,"금6,7,8",유(헤어1),전공,2,
1396,EH2023-31,Basic Styling Hair,민인숙,"금2,3,4",유(헤어1),전공,2,
1397,EH3041-30,Art Make-up,노보경,"월1,2,3",유(메이크업3),전공,3,
1398,EH3041-31,Art Make-up,김구옥,"월4,5,6",유(메이크업1),전공,3,
1399,EH3054-30,Color Diagnostics & Image Making,최민령,"월4,5,6",유(메이크업3),전공,3,
1400,EH3054-31,Color Diagnostics & Image Making,이선경,"월1,2,3",유(메이크업4),전공,3,
1401,BM3011-30,Salon Facial Treatment,유영아,"수2,3,4",유1207,전공,3,
1402,BM3011-31,Salon Facial Treatment,유영아,"수6,7,8",유1207,전공,3,
1403,BM3012-30,Spa Therapy,장아람,"수6,7,8",유602,전공,3,
1404,BM3012-31,Spa Therapy,장아람,"수2,3,4",유602,전공,3,
1405,BM3013-30,Introduction of Essential Oils,장윤정,"금2,3,4",유602,전공,3,
1406,BM3013-31,Introduction of Essential Oils,장윤정,"금6,7,8",유602,전공,3,
1407,EH1533-31,Introduction of Essential Oils,류지영,"수3,4,5",유1407,전공,3,
1408,EH3042-30,Nail Art,유숙희,"수7,8,9",유(메이크업3),전공,3,
1409,EH3051-33,Public Health & Safety,박정은,"목4,5",유505,전공,2,
1410,EH3057-30,Air Brush & Body Painting,김선미,"화4,5,6",유(메이크업3),전공,3,
1411,HM3016-30,Creative Hair Coloring,박명희,"화7,8,9",유(헤어3),전공,3,
1412,EH2027-30,Advanced Styling Hair,임윤경,"수6,7,8",유(헤어5),전공,2,
1413,EH3042-31,Nail Art,신은영,"화4,5,6",유(메이크업4),전공,3,
1414,EH3057-31,Air Brush & Body Painting,김선미,"화1,2,3",유(메이크업3),전공,3,
1415,BM3015-30,Special Beauty Therapy,이지안,"금1,2,3",유(스킨1),전공,3,
1416,BM3017-30,Trichology,정다정,"목6,7,8",,전공,3,
1417,BM3019-30,Body Contouring Treatment,전재현,"수1,2,3",유(스킨3),전공,3,
1418,EH3060-30,Special Effect Make-up1,임희경,"월3,4,5",,전공,3,
1419,EH3060-31,Special Effect Make-up1,임희경,"목7,8,9",,전공,3,
1420,EH3062-30,Training of Make-up Design1,최민령,"목4,5,6",유(메이크업1),전공,3,
1421,EH3062-31,Training of Make-up Design1,김구옥,"월7,8,9",유(메이크업4),전공,3,
1422,BM3018-30,Thai Massage,최영희,"화4,5,6",유1207,전공,3,
1423,BM3018-31,Thai Massage,최영희,"화7,8,9",유1207,전공,3,
1424,BM3020-30,Beauty Training 1,전재현,"화7,8,9",유(스킨2),전공,3,
1425,BM3020-31,Beauty Training 1,전재현,"화4,5,6",유(스킨2),전공,3,
1426,EH2058-30,Training of Beauty Design2,최민령,"금7,8,9",유(메이크업3),전공,3,
1427,EH3061-30,Special Effect Make-up2,임희경,"화4,5,6",,전공,3,
1428,HM3019-30,Avant-garde Hair Dressing,박정은,"화7,8,9",유(헤어2),전공,3,
1429,HM3022-30,Training of Beauty Salon Work2,차경희,"금7,8,9",유(헤어2),전공,3,
1430,BM3015-31,Special Beauty Therapy,이지안,"금4,5,6",유(스킨1),전공,3,
1431,BM3022-30,Beauty Training2,최영희,"목2,3,4",유(스킨1),전공,3,
1432,GE8203-30,한국문화탐방1,안지연,"목1,2,3",,자선,3,
1433,GE8205-30,시네마한국어1,심중수,"목1,2,3",,자선,3,
1434,GE8205-31,시네마한국어1,김혜정,"목1,2,3",,자선,3,
1435,GE8207-30,드라마한국어1,정현아,"목1,2,3",,자선,3,
1436,GE8207-31,드라마한국어1,임진영,"목1,2,3",,자선,3,
1437,GE8207-32,드라마한국어1,박지영,"목1,2,3",,자선,3,
1438,GE8209-30,생활속의한국어1,안지연,"화1,2,3",,자선,3,
1439,GE8211-30,한국어문법및회화1,심중수,"화1,2,3",,자선,3,
1440,GE8213-30,초급뷰티한국어1,김혜정,"화1,2,3",,자선,3,
1441,GE8215-30,중급뷰티한국어1,정현아,"화1,2,3",,자선,3,
1442,GE8215-31,중급뷰티한국어1,백송종,"화1,2,3",,자선,3,
1443,GE8215-32,중급뷰티한국어1,임진영,"화1,2,3",,자선,3,
1444,GE8215-33,중급뷰티한국어1,박지영,"화1,2,3",,자선,3,
1445,GE8001-30,한국어문법1,백송종,"화7,8,9",,자선,3,대만
1446,GE8001-31,한국어문법1,백송종,"목7,8,9",,자선,3,러시아
1447,GE8011-30,한국어작문1,김동휘,"화7,8,9",,자선,3,대만
1448,GE8011-31,한국어작문1,정현아,"목7,8,9",,자선,3,러시아
1449,CU1001-01,융합콘텐츠의이해,김의준,"목21,22",,융합,3,
1450,CU1002-01,미디어콘텐츠구성론,방미영,"월21,22",,융합,3,
1451,SB0003-01,화장품색채학,김빛나,"금7,8,9",,융합,3,
1452,SB0004-01,기능성화장품학,김주연,"금4,5,6",,융합,3,
1453,SB0007-01,화장품기획프로세스,김주연,"월7,8,9",,융합,3,
1454,SD1001-01,군사과학기술,정희태,"화23,24",,융합,3,
1455,SD1101-01,프로그래밍기초,김치용,"수23,24",,융합,3,
1456,SD1103-01,컴퓨터네트워크,곽재창,"화21,22",,융합,3,
1457,SD1201-01,컴퓨터구조,남기훈,"목22,23",,융합,3,
1458,DB1102-01,자바프로그래밍,류귀열,화목24,,융합,3,
1459,DB1103-01,데이터베이스,민미경,"화21,22",,융합,3,
1460,DB1105-01,빅데이터소프트웨어,류귀열,"수24,25",,융합,3,
1461,DB1106-01,인공지능,장문수,"화21,22",,융합,3,
1462,DB1202-01,소프트웨어공학,노정규,"수21,22",,융합,3,
1463,DB2101-01,재무회계,한문성,월목26,,융합,3,
1464,DB2201-01,마케팅,정한경,화목22,,융합,3,
1465,DB2203-01,물류관리,안웅,"수23,24",,융합,3,
1466,DB3201-01,의사결정론,김재현,월수21,,융합,3,
1467,DB3203-01,4차산업혁명과빅데이터,이상복,"월21,22",,융합,3,
1468,PM0003-01,연극제작1,김용준,"금25,26",,융합,3,
1469,PM0004-01,스토리기획실습,김의준,"화21,22",,융합,3,
1470,PM0010-01,예술경영,임경식,"월23,24",,융합,3,
1471,DT1001-01,패션디자인론,박은정,"목2,3,4",,융합,3,
1472,DT1002-01,의복구성1,노은영,"화2,3,4",,융합,3,
1473,DT1014-01,파이썬기초융합프로그래밍,임대환,"월1,2,3",,융합,3,
1474,FT0101-01,C프로그래밍,김재현 / 이대원 / 남기훈,"목25,26",,융합,3,
1475,FT0101-02,C프로그래밍,남기훈,"월23,24",,융합,3,
1476,FT0201-01,자료구조,손용락,"화25,목26",,융합,3,
1477,FT0201-02,자료구조,손용락,"화26,목25",,융합,3,
1478,FT0202-01,미시경제,김영호,"월22,수22",,융합,3,
1479,FT0202-02,미시경제,이효창,"수23,24",,융합,3,
1480,FT0203-01,금융상품분석기초,함형준,"금24,25",,융합,3,
1481,FT0301-01,자본시장의이론과제도,김서경,화21목21,,융합,3,
1482,FT0303-01,데이터베이스시스템,손용락,"월25,26",,융합,3,
1483,FT0303-02,데이터베이스시스템,손용락,"수25,26",,융합,3,
1484,FT0304-01,Java프로그래밍,이양선,"월25,26",,융합,3,
1485,FT0304-02,Java프로그래밍,이양선,"화25,26",,융합,3,
1486,FT0305-01,화폐금융,한택환,"화24,목24",,융합,3,
1487,FT0307-01,재무설계,함형준,"수25,26",,융합,3,
1488,FT0403-01,투자의이론과실제,김서경,"화24,목24",,융합,3,
1489,GE5146-20,사회복지조사론,김민정,"토1,2,3",(유)H14,자선,3,
1490,GE5003-20,평생교육방법론,이고은,"토4,5,6",,자선,3,
1491,BA5004-20,인적자원개발,이재붕,"토1,2,3",(유)1414,전공,3,
1492,BA5001-20,무역경영,전정수,"토4,5,6",,전공,3,
1493,BA1063-20,다국적기업경영,이재붕,"토7,8,9",,전공,3,
1494,BA5006-20,국제e-비즈니스,전정수,"토10,11,12",,전공,3,
1495,LM3014-20,광고관리,김종훈,,1405호,전공,3,
1496,LM3006-20,무역학개론,성낙청,,,전공,3,
1497,LM1011-20,보관하역론,김영국,,,전공,3,
1498,GE2003-20,회계정보의이해,한승목,,,자선,3,
1499,LM4015-20,경제성공학,이길헌,,1406호,전공,3,
1500,LM3010-20,다국적기업경영,장정길,,1406호,전공,3,
1501,LM2011-20,고객만족경영,이창환,,,전공,3,
1502,LM2004-20,프랜차이즈 경영,김시환,,,자선,3,
1503,LM2009-20,CRM,박종세,,1407호,전공,3,
1504,LM1013-20,재고관리,임혁재,,1407호,전공,3,
1505,GE1222-20,커뮤니케이션심리학,박일순,"화1,2,3",(유)H14,교선,3,
1506,EH5017-20,영양학과식이,김영순,"화4,5,6",(유)H14,전공,3,
1507,EH5032-20,뷰티업스타일링2,전소리,"화7,8,9",(유)H14,전공,3,
1508,EH5006-20,어드밴스드메이크업,이승아,"화10,11,12",(유)H14,전공,3,
1509,GE1143-20,TOEIC Speaking,베리,"월1,2,3",1408,자선,3,18H1+19H1
1510,EH5044-20,퍼머넌트웨이브2,박재홍,"월4,5,6",H13,전공,3,
1511,EH5020-20,모발과두피과학1,맹유진,"월7,8,9",H13,전공,3,
1512,EH5002-20,피부학,박정은,"월10,11,12",H10,전공,3,
1513,GE1143-23,TOEIC Speaking,베리,"일1,2,3",1408,자선,3,19SC1+19S1 / 16S1+18SC1
1514,EH5119-20,메디컬뷰티마케팅,최은미,"일4,5,6",1204,전공,3,
1515,EH5010-20,베이직훼이셜트리트먼트,최은미,"일7,8,9",1206,전공,3,
1516,EH5103-20,피부미용학,안태영,"일10,11,12",1206,전공,3,
1517,GE1143-21,TOEIC Speaking,베리,"화1,2,3",1408,자선,3,17H1+19HC1 / 18HC1+16H2+16H1
1518,EH5032-21,뷰티업스타일링2,박은준,"화4,5,6",M10,전공,3,
1519,EH5055-20,크리에이티브커트1,김우빈,"화7,8,9",M10,전공,3,
1520,EH5038-20,화장품과학,이인희,"화10,11,12",H10,전공,3,
1521,EH5003-20,뷰티일러스트1,박재홍,"화4,5,6",1414,전공,3,
1522,EH5102-20,크리에이티브업스타일,권은실,"화7,8,9",1414,전공,3,
1523,EH5096-20,뷰티세미나1,박은준,"화10,11,12",H11,전공,3,
1524,GE1143-22,TOEIC Speaking,베리,"수1,2,3",1408,자선,3,16H3
1525,EH5102-21,크리에이티브업스타일,김동표,"수4,5,6",H12,전공,3,
1526,EH5003-21,뷰티일러스트1,이복희,"수7,8,9",H12,전공,3,
1527,EH5075-20,살롱스타일실무,김동표,"수10,11,12",H12,전공,3,
1528,EH5112-20,두피관리학,박재홍,"일7,8,9",1204,전공,3,
1529,EH5109-20,딥티슈마사지,최은미,"일10,11,12",1204,전공,3,
1530,GE1012-20,세계문화사,이복희,"화1,2,3",H12,자선,3,
1531,HM5004-20,베이직펌의원리,진용미,"화4,5,6",H12,전공,3,
1532,HM5002-20,모발과샴푸,이수현,"화8,9,10,11",H12,전공,3,
1533,HM5005-20,메이크업,주영주,"수1,2,3,4",H14,전공,3,
1534,HM5003-20,실전고객응대서비스,김수연,"수5,6,7,8",H14,전공,3,
1535,HM5001-20,Basic Hair Styling,김미옥,"수9,10,11,12",H14,전공,3,
1536,GE2138-40,대중예술의이해,진혜인,,(유)1414,자선,3,
1537,GE1153-40,사회복지정책론,남미예,,(유)1408,자선,3,
1538,BA1013-40,기업환경론,허진우,,(유)1407,전공,3,
1539,BS2023-40,마케팅,정용희,,(유)1407,전공,3,
1540,BS2013-40,미시경제,김영호,,(유)1407,전공,3,
1541,BS2043-40,재무회계,최우진,,(유)1406,전공,3,
1542,BA1122-40,CEO사례연구,허진우,,(유)1406,전공,3,
1543,GE2108-40,인간관계론,이희주,"일1,2,3",(유)1405,교선,3,
1544,GE1032-40,동양고전의이해,이원택,,(유)1405,자선,3,
1545,CC1001-40,문화콘텐츠의이해,이희주,,(유)1405,전공,3,
1546,CC1105-40,문화산업현장탐방,이원택,,(유)1405,전공,3,
1547,EH1232-40,네일미용,박선화,"일1,2,3",(유)H13,전공,3,
1548,EH1215-40,염색및탈색이론및실습1,이복희,"일1,2,3",(유)H10,전공,3,
1549,EH1014-40,뷰티테라피,윤희경,"일4,5,6",(유)1207,전공,3,
1550,EH1275-40,미용학개론,이복희,"일4,5,6",(유)1406,전공,3,
1551,EH2015-40,Basic Cutting Hair1,김지은,"일4,5,6",(유)H12,전공,3,
1552,undefined-40,피부학,손병아,"일7,8,9",(유)H09,전공,3,
1553,EH1223-40,응용퍼머넨트이론및실습,이복희,"일7,8,9",(유)H10,전공,3,
1554,EH1507-40,Advanced Make up,이해미루,"일10,11,12",(유)1408,전공,3,
